PMID,Disease
36791022,breast cancer
36791022,MDMs
36791022,breast cancer
36791022,breast cancer MDMs
36791022,breast cancer
36791022,breast cancer MDMs
36791022,breast cancer MDMs
36791022,breast cancer
36791022,MDMs
36790946,Breast Cancer
36790946,Breast cancer
36790946,cancer deaths
36790946,cancer
36790946,breast cancer
36790946,breast cancer
36790946,Breast cancer
36790946,tumor
36790946,cancer
36790934,cancer
36790934,cancer
36790934,cancer
36790934,cancer
36790934,cancer
36790934,cancer
36790934,cancer
36790882,breast cancer
36790882,cancer
36790882,tumor
36790882,tumor
36790882,tumor
36790882,tumor
36790882,tumor
36790871,Breast Cancer
36790871,breast cancer
36790871,tumor
36790871,glucose metabolism
36790871,breast cancer
36790871,breast cancer
36790871,breast cancer
36790732,Breast Cancer
36790676,glioma
36790676,liver cancer
36790676,breast cancer
36790676,tumor metastasis
36790676,cancer
36790676,glioma
36790676,liver hepatocellular carcinoma
36790676,breast cancer
36790676,tumor
36790676,tumor
36790676,carcinoma
36790676,paracancerous
36790676,retards
36790676,cancer
36790603,lung cancer
36790603,Lung cancer
36790603,cancer death
36790603,lung adenocarcinoma
36790603,lung cancer
36790603,osimertinib and abemaciclib in lung cancer
36790582,leukemia and breast cancer
36790582,breast cancer
36790573,oligometastatic breast cancers
36790573,oligometastatic breast cancer
36790573,metachronous metastatic breast cancer
36790573,MBC
36790573,metastases
36790573,MBC
36790573,metastases
36790573,metastases
36790573,metastases
36790573,metastases
36790573,metastases
36790573,Visceral metastases
36790573,MBC
36790533,pigmentation
36790533,dyschromatosis universalis hereditaria
36790533,Dyschromatosis universalis hereditaria
36790533,pigmentary genodermatosis
36790533,hyperpigmented and hypopigmented
36790533,melanoma
36790533,hypopigmented
36790533,hyperpigmentation
36790533,hyperpigmentation
36790533,hypopigmentation
36790512,obesity
36790512,breast cancer
36790512,obesity
36790512,breast carcinogenesis
36790512,obesity
36790512,breast cancer
36790512,breast cancer
36790512,obesity
36790512,breast cancer
36790512,obesity
36790512,breast cancer
36790512,tumors
36790512,tumors
36790512,breast cancer
36790512,tumors
36790512,breast cancer
36790512,breast cancer
36790512,breast cancer
36790479,breast cancer
36790479,breast cancer
36790479,breast cancer
36790479,breast cancer
36790479,tumoral
36790479,tumor
36790479,breast cancer
36790445,cancer
36790445,cancer
36790445,cancer
36790445,sphingomyelin nanosystems
36790445,cancer
36790445,tumour
36790445,breast cancer
36790360,CHA
36790360,breast cancer
36790360,cancer
36790346,tumours
36790346,thyroid neoplasms
36790346,tumours
36790346,tumours
36790346,squamous cell carcinoma
36790346,carcinoma of the breast
36790346,renal cell carcinoma
36790346,neuroendocrine carcinoma of the lung
36790346,carcinoma stomach
36790346,malignant melanoma and squamous cell carcinoma
36790346,thyroid carcinoma
36790346,malignancy
36790346,malignancy
36790286,neoplastic lesions
36790286,breast cancer
36790286,neoplastic lesions
36790286,neoplastic lesions
36790286,neoplastic lesions
36790286,ductal carcinomas
36790286,carcinogenic
36790286,breast cancer
36790070,cancer
36790070,cancer
36790070,cancers
36790070,cancer
36790070,mortality
36790070,malignancies
36790070,pancreatic
36790070,colorectal
36790070,prostate cancer
36790070,malignant melanoma
36790070,non-Hodgkin lymphoma
36790070,acute leukemia
36790070,cancer
36790070,mortality
36790070,cancer
36790026,breast cancer
36790026,breast cancer
36790026,breast cancer
36790026,breast cancer
36790026,breast cancer
36789976,breast cancer
36789976,breast lesions
36789976,malignancies
36789976,Breast cancer
36789976,malignancies
36789976,breast lesions
36789976,malignancies
36789976,malignancies
36789894,breast cancer
36789894,breast cancer
36789830,breast cancer
36789830,breast cancer
36789830,breast cancer
36789830,breast cancer
36789830,breast cancer
36789830,breast cancer
36789830,breast cancer
36789830,breast cancer
36789760,ovarian cancer
36789760,Korean Epithelial Ovarian Cancer
36789760,ovarian cancer
36789760,Korean epithelial ovarian cancer
36789760,CLC
36789760,CLC
36789760,CLC
36789760,CLC
36789760,breast cancer
36789760,carcinogenic
36789739,breast cancer
36789739,invasive cancer
36789739,cancer
36789739,breast cancer
36789739,breast cancers
36789739,breast cancers
36789739,cancer
36789739,Breast Cancer
36789739,Cancer
36789739,I-III breast cancer
36789739,Breast Cancer
36789739,breast cancer
36789739,breast cancer
36789739,contralateral breast cancers
36789739,breast cancer
36789739,cancer
36789739,breast cancer
36789739,ER-negative disease
36789739,cancer
36789739,breast cancer
36789739,cancer
36789739,breast cancer
36789739,cancer
36789739,breast cancers
36789739,breast cancers
36789739,ER-positive cancers
36789689,colorectal cancer
36789689,Colorectal cancer
36789689,malignant tumor
36789689,mortality
36789689,breast cancer
36789689,arrest
36789554,breast cancer
36789554,breast cancer
36789554,breast cancer
36789554,metastases
36789212,breast abnormality
36789212,breast lesion
36789212,anxiety
36789212,anxiety
36789212,breast cancer
36789212,anxiety
36789212,anxiety
36789133,Breast Cancer
36789133,breast cancer
36789133,breast cancer
36789133,tumor
36789133,breast cancer
36789133,breast cancer
36789118,Lymphoblastic Leukemia
36789118,Acute Lymphoblastic Leukemia
36789118,malignancies
36788982,Cancer
36788982,diabetes
36788982,cancer
36788982,diabetes
36788982,pancreas and prostate cancer
36788982,diabetes
36788982,diabetes
36788982,diabetes
36788982,diabetes
36788982,cancers
36788982,diabetes
36788982,Cancer
36788889,Colorectal Cancer
36788889,Colorectal cancer
36788889,CRC
36788889,cancer
36788889,cancer
36788889,breast cancer
36788889,colorectal cancer
36788889,Cancer
36788889,tumor
36788889,tumor
36788889,tumor
36788687,Breast Adenocarcinoma
36788687,cancer
36788687,Cancer
36788687,cancer
36788687,cancer
36788687,Breast Adenocarcinoma
36788683,breast cancer
36788683,breast cancer
36788681,Breast Cancer
36788681,breast cancer
36788681,breast cancer
36788602,ulcWGS
36788602,ulcWGS
36788602,breast cancer
36788602,ulcWGS
36788595,breast lesions
36788595,breast cancer
36788595,breast lesions
36788595,breast malignancy before tumor
36788595,breast malignancies
36788595,breast lesion malignancy
36788408,Breast cancer
36788408,fibrosis
36788408,cancers
36788408,colorectal cancers
36788408,breast cancer
36788408,carcinogenesis
36788391,Breast cancer
36788391,Breast Cancer
36788391,tumour
36788391,tumour
36788391,breast cancer
36788310,angiosarcoma xenograft
36788310,Angiosarcomas
36788310,malignancies
36788310,angiosarcomas
36788310,angiosarcomas
36788310,angiosarcomas
36788310,angiosarcomas
36788310,tumors
36788310,angiosarcomas
36788310,angiosarcomas
36788310,angiosarcoma of the breast
36788310,tumor
36788297,Parkinson's Disease
36788297,Cancers
36788297,Parkinson's disease
36788297,PD
36788297,cancers
36788297,PD
36788297,cancers
36788297,PD
36788297,Parkinson's Disease
36788297,PD
36788297,thyroid cancer
36788297,Parkinson Disease
36788297,PD
36788297,Melanoma
36788297,Breast Cancer
36788297,breast cancer
36788297,Prostate Cancer
36788297,Cancer
36788297,prostate cancer
36788297,Lung Cancer
36788297,lung cancer
36788297,Cancer
36788297,ovarian cancer
36788297,cancer GWASs
36788297,PD
36788297,cancers
36788297,PD
36788297,cancers
36788297,PD
36788297,melanoma
36788297,PD
36788297,prostate cancer
36788297,ovarian cancer
36788297,PD
36788297,PD
36788297,breast cancer
36788297,ovarian cancer
36788297,PD and ovarian cancer
36788297,PD
36788297,cancers
36788297,Movement Disorders
36788297,Parkinson and Movement Disorder
36788122,Invasive Cancer
36788122,tumor
36788122,invasive breast cancer
36788122,ductal carcinoma
36788122,benign disease
36788122,cancer
36788122,breast cancer
36788122,invasive breast cancer
36788122,invasive cancer
36788122,invasive ductal carcinoma
36788122,invasive lobular carcinoma
36788122,breast cancer
36788122,TNBC
36788122,invasive cancer
36788100,Breast Cancer
36788100,HER2-low breast cancer
36788100,tumors
36788100,duct carcinoma
36788100,breast cancers
36788098,cancers
36788098,"breast, ovarian, endometrial"
36788098,pancreatic
36788098,prostate cancers
36788098,Cancer
36788098,deficiency
36788098,HRD
36788098,cancer
36788098,HRD
36788098,HRD
36788098,HRD
36788098,HRD
36788086,HER2-Low Breast Cancer
36788086,breast cancer
36788086,tumors
36788086,tumors
36788086,HER2-low tumors
36788086,HER2-low tumors
36788086,tumor
36788086,tumors
36788086,tumors
36788082,Sebaceous Tumors
36788082,skin adnexal neoplasms
36788082,tumors
36788082,tumors
36788082,cutaneous neoplasms
36788082,sebaceous tumors
36788082,tumors
36788082,tumors
36788082,tumors
36788082,tumors
36788082,tumors
36788082,squamous cell carcinomas
36788082,carcinomas
36788082,skin metastases
36788082,metastases
36788082,breast or lung cancers
36788082,sebaceous tumors
36788081,Luminal Breast Cancer
36788081,luminal breast cancer
36788081,tumors
36788081,tumor
36788078,Breast Cancers
36788078,breast cancer
36788078,TNBC tumors
36788078,tumors
36788078,tumors
36788078,tumors
36788078,TNBC tumor
36788075,Invasive Lobular Carcinoma
36788073,Endometrial Carcinomas
36788073,ovarian cancer
36788073,ovarian tumors
36788073,tumors
36788073,ovarian tumors
36788073,endometrial carcinomas
36788073,carcinomas
36788073,carcinomas
36788073,malignant melanoma
36788073,carcinomas
36788073,angiosarcomas
36788073,ovarian and endometrial tumors
36788073,tumor
36788073,thyroid tumors
36788073,ovarian tumors
36788073,serous carcinoma
36788073,clear cell carcinoma
36788073,endometrioid carcinoma
36788073,tumors
36788073,mucinous carcinoma
36788073,sex cord stromal tumors
36788073,angiosarcomas
36788073,ovarian nonmucinous carcinomas and endometrial carcinomas
36788073,ovarian germ cell tumors
36788073,angiosarcomas
36788069,breast cancers
36788069,breast cancer
36788069,breast cancer
36788064,Breast Cancer
36788064,breast cancer
36787951,breast cancer
36787951,fascial plane block
36787951,unilateral breast cancer
36787951,toxicity
36787933,vulvar cancer
36787933,cancer
36787933,tumor
36787933,Tumors
36787933,squamous cell vulvar cancer
36787933,tumor
36787933,cancer
36787933,tumor
36787921,mortality
36787921,coronavirus disease 19
36787921,COVID-19
36787921,systemic lupus erythematosus
36787921,systemic lupus erythematosus
36787921,SLE
36787921,coronavirus disease 19
36787921,COVID-19
36787921,SLE
36787921,COVID-19
36787921,COVID-19
36787921,SLE
36787921,COVID-19
36787921,mortality
36787921,COVID-19
36787921,SLE
36787921,SLE
36787921,COVID-19
36787921,SLE
36787921,SLE
36787921,mortality
36787921,SLE
36787921,SLE
36787921,COVID-19
36787921,SLE
36787921,COVID-19
36787921,SLE disease
36787863,breast cancer
36787863,breast cancer
36787863,breast cancer
36787863,tumor
36787863,cancer
36787863,Cancer
36787863,cancer
36787863,cancer
36787863,cancer
36787863,cancer
36787863,cancer
36787863,cancer
36787754,Lymphadenopathy
36787754,Breast Cancer
36787754,breast tumor
36787754,pain
36787754,tumor
36787754,cancer
36787754,siliconomas
36787754,lymphadenopathy
36787754,cancer
36787754,breast cancer
36787754,node siliconomas
36787669,breast cancer
36787669,breast lesion segmentation
36787669,breast lesion segmentation
36787617,luminal breast cancers
36787617,breast cancer
36787617,tumors
36787613,cancer
36787613,tardia
36787613,breast cancer
36787613,breast cancer
36787613,breast cancer
36787613,breast cancer
36787512,Cancer
36787512,Cancer
36787512,ovarian cancer
36787512,breast cancer
36787512,ovarian
36787512,breast cancer
36787512,cancer
36787512,breast and ovarian cancer
36787512,cancer
36787508,cancer
36787508,malignancy
36787508,toxicities
36787508,cancers
36787483,Breast Cancer
36787483,breast cancer
36787483,breast cancer
36787483,Cancer
36787483,breast cancer
36787427,breast cancer
36787313,depression
36787313,breast cancer
36787313,depressive disorder
36787313,cancer
36787313,cancer
36787313,depressive
36787313,inflammation
36787313,depressive disorder
36787313,neurotoxicity
36787313,dysregulated hypothalamic-pituitary-adrenal axis
36787313,inflammation-related depression
36787313,breast cancer
36787313,depression
36787313,inflammation
36787313,breast carcinoma
36787313,organic illness
36787313,depression
36787313,inflammation
36787313,psychiatric
36787313,psychiatric
36787313,breast cancer
36787313,depressive disorder
36787313,breast cancer
36787126,cancer
36787126,cancer
36787126,colorectal cancer
36787126,cancer
36787126,colorectal cancer
36787126,breast cancer
36787126,cancer
36787126,colorectal cancer
36787126,cancer
36787126,breast cancer
36787126,colorectal cancer
36787126,cancer
36787126,colorectal cancer
36787126,cancer
36787126,breast cancer
36787126,breast cancer
36787126,colorectal cancer
36787085,Breast cancer
36787085,cancer
36787085,tumor
36787085,cancers
36787085,breast cancer
36787085,cancer
36787085,cancer
36787085,breast cancer
36786996,Cancer
36786996,cancer
36786946,breast cancer
36786946,invasive neoplasms
36786946,breast cancer
36786946,breast cancer
36786946,breast cancer
36786946,breast cancer
36786856,breast cancer
36786856,breast cancer
36786856,breast cancer
36786856,breast cancer
36786856,breast cancer
36786674,Osteolytic Metastases
36786674,H-RISE
36786674,PBS
36786674,PBS
36786674,cytotoxicity
36786674,breast cancer
36786671,deep inspiration breath hold
36786671,right breast cancer
36786671,cardiac substructures
36786671,right breast cancer
36786671,deep inspiration breath hold
36786671,left breast cancer
36786671,cardiac substructures
36786671,MHD
36786551,Breast Cancer
36786551,breast cancer
36786551,mTNBC
36786551,type of breast cancer
36786551,mTNBC
36786527,tumor
36786527,breast cancer
36786527,breast cancer
36786527,breast cancer
36786527,breast cancer
36786527,breast cancer
36786527,cancer
36786527,breast cancer
36786527,breast cancer
36786279,breast cancer
36786196,breast or lung cancer
36786196,breast cancer
36786196,overdose
36786196,overdose
36786196,overdosing
36786171,Cancer
36786171,COVID-19
36786171,cancer
36786171,death
36786171,cancer
36786171,coronavirus disease 2019
36786171,COVID-19
36786171,cancer
36786171,cancer
36786171,COVID-19
36786171,cancers
36786171,cancer
36786171,cancer
36786171,cancer
36786171,COVID-19
36786171,cancer
36785738,Metastasis
36785738,Breast Cancer
36785738,Breast cancer
36785738,malignant tumor
36785738,breast cancer
36785738,cold shock
36785738,breast cancer
36785738,tumor spheroid
36785738,breast cancer
36785738,breast cancer
36785738,breast cancer
36785715,Breast Cancer
36785715,malignancies
36785715,breast cancer
36785715,breast cancer
36785715,Breast Cancer
36785715,tumor
36785715,invasive breast cancer
36785715,tumor
36785715,breast cancer
36785715,breast cancer
36785707,clear cell renal cell carcinoma
36785707,Clear cell renal cell carcinoma
36785707,kidney cancer
36785707,tumor
36785707,Cancer
36785707,Cancer
36785707,tumor
36785645,Willingness
36785645,Breast and Cervical Cancers
36785645,breast cancer
36785645,cancer
36785645,-cancers
36785645,cancer
36785645,cancer
36785571,breast cancer
36785489,"ovarian, tubal and peritoneal cancers"
36785489,ovarian
36785489,invasive epithelial cancers
36785489,cancer
36785489,Cancer
36785489,cancer
36785489,cancer
36785489,ovarian cancer
36785489,cancer
36785489,Familial Cancer
36785489,cancer
36782375,breast cancers
36782375,Cancer
36782375,cancer
36782375,Cancer
36782375,tumours
36782375,breast cancer
36782375,BCa tumours
36782375,Kaohsiung Veterans
36782310,breast carcinoma
36782310,Breast Cancer
36782310,cancer
36782225,breast cancer
36782225,thyroid cancer
36782225,thyroid cancer
36782225,thyroid cancer
36782225,thyroid cancer
36782225,breast cancer
36782225,thyroid cancer
36782225,breast cancer
36782225,thyroid cancer
36782225,Cancer
36782225,breast cancer
36782225,cancer
36782225,thyroid cancer
36782225,thyroid cancer
36782225,thyroid cancer
36782225,breast cancer
36782225,thyroid cancer
36782224,glucose metabolism
36782224,invasive breast cancer
36782224,breast cancer
36782224,Cancer
36782224,diabetes
36782224,obesity
36782224,tumor
36782224,BC carcinogenesis
36782197,breast cancer
36782197,mortality
36782197,breast cancer
36782197,tumors
36782197,breast cancer
36782197,breast cancer
36782134,Colorectal cancer
36782134,colorectal cancer
36782134,breast cancer
36782134,colorectal cancer
36782134,Colorectal cancer
36782134,colorectal cancer
36782134,cancer
36782134,colorectal cancer
36782134,breast cancer
36782134,colorectal cancer
36782134,tumour
36782089,breast cancer
36782089,malignancy
36782089,cancer
36782089,death
36782089,tumor
36781911,reflux esophagitis
36781911,diabetes
36781911,cardiovascular disease
36781911,sleep disturbance
36781911,depression
36781911,breast cancer
36781911,Gastro-esophageal reflux disease
36781911,GERD
36781911,reflux esophagitis
36781892,breast cancer
36781892,invasive breast cancer
36781892,invasive breast cancer
36781869,breast cancer
36781869,breast cancer
36781869,breast cancer
36781869,cancer
36781869,breast cancer
36781869,aggressive tumors
36781869,cancer
36781869,breast cancer
36781869,breast cancer
36781846,breast cancer
36781846,catastrophic injury
36781846,HU toxicity
36781846,tumor cell death
36781812,Breast Cancer
36781812,Breast cancer
36781812,cancer
36781812,breast cancer
36781812,breast cancer
36781812,invasive breast cancer
36781812,cancer
36781812,cancer
36781812,breast cancer
36781812,breast cancer
36781812,breast cancer
36781808,breast cancer
36781808,breast cancer
36781808,invasive breast cancer
36781808,Breast Cancer
36781808,malignancy
36781754,cytotoxicity
36781754,hyperthermia
36781754,breast cancer
36781754,TNBC
36781707,breast cancer
36781707,breast cancer
36781707,cardiotoxicity
36781707,QTc prolongation
36781707,cardiotoxicity
36781707,QTc prolongation
36781707,cardiotoxic
36781543,breast cancer
36781543,anxiety
36781543,Stress
36781543,depression
36781543,Anxiety
36781543,stress
36781543,depression
36781543,anxiety
36781543,anxiety
36781543,anxiety
36781520,breast cancer
36781520,breast cancer
36781520,breast cancer
36781520,mortality
36781520,tumor
36781520,mortality
36781520,mortality
36781520,death
36781519,breast cancer
36781519,breast cancer
36781519,breast cancer
36781519,breast cancer
36781519,breast cancer
36781474,breast cancer
36781474,cancer
36781474,tumor
36781474,breast cancer
36781474,necrotic
36781387,anxiety
36781387,depression
36781387,Cancer
36781387,Anxiety
36781387,Depression
36781387,melanoma
36781387,cancers
36781238,breast cancers
36781238,breast cancer
36781238,breast cancer
36781238,Cancer
36781238,tumor
36781238,breast cancer
36781238,typecarcinoma
36781238,carcinoma
36781238,invasive micropapillary carcinoma
36781238,invasive papillary carcinoma
36781238,carcinoma
36781238,tumors
36781238,breast cancer
36781224,Breast Cancer
36781224,breast cancer
36781224,breast cancer
36781224,tumors
36781223,Ductal Carcinoma In Situ
36781223,ductal carcinoma
36781219,Breast Cancer
36781219,breast cancers
36781219,breast malignancies
36781219,aggressiveness
36781219,carcinoma
36781219,breast cancer
36781219,breast cancer
36781147,breast cancer
36781147,cancer
36781147,breast cancer
36781147,TNBC
36781147,TNBC
36781147,arrest
36781147,cancer
36781026,retinopathy
36781026,breast cancer
36781026,retinal/choroidal toxicity
36781026,TAM retinopathy
36781026,TAM retinopathy
36781026,retinal toxicity
36780963,breast cancer
36780963,cancer
36780963,tumors
36780963,tumor
36780963,CMD
36780963,cancer
36780963,breast cancer
36780963,tumor
36780963,breast cancer
36780963,TNBC
36780963,CMD
36780963,TNBC
36780904,Breast Cancer
36780904,breast cancer
36780904,breast cancer
36780904,breast cancer
36780904,breast cancer
36780904,breast cancer
36780904,breast cancer
36780838,breast cancer
36780838,breast cancer
36780800,cancer
36780800,tumors
36780800,cancer
36780800,tumors
36780800,Cancer
36780800,tumor
36780800,tumor immune dysfunction
36780800,tumors
36780800,tumors
36780800,tumors
36780800,tumors
36780800,tumor
36780800,tumors
36780800,cancer
36780800,tumors
36780734,febrile neutropenia
36780734,febrile neutropenia
36780734,gastrointestinal cancer
36780734,lymphoma
36780734,neutropenia
36780734,tumor
36780734,lymphoid hemopathy
36780734,tumor
36780734,lymphoma
36780734,tumor
36780624,IN BREAST CANCER
36780624,breast cancer
36780624,breast cancer
36780624,breast cancer
36780624,breast cancer
36780624,breast cancer
36780614,malignant breast lesions
36780614,hyperplasia
36780614,hyperplasia
36780614,hyperplasia
36780614,lobular carcinoma
36780614,breast cancer
36780610,Breast Cancer
36780610,breast cancer
36780610,HER2-low breast cancer
36780610,breast cancer
36780610,breast cancer
36780587,Breast Cancer
36780531,metastases
36780531,Brain metastases
36780531,brain neoplasm
36780531,melanoma BMICs
36780531,melanoma premetastatic BMICs
36780467,breast cancer
36780467,Congress and Breast Cancer Congress
36780460,breast cancer
36780460,Antonio Breast Cancer Symposium
36780448,Breast Cancer
36780448,Breast cancer
36780448,cancer
36780448,breast cancer
36780448,cancers
36780448,breast cancer
36780448,breast cancer
36780448,breast cancer
36780448,breast cancer
36780426,Breast Cancers
36780426,breast cancer
36780426,cancer
36780426,low toxicity
36780418,Cancer
36780418,breast cancer
36780418,breast cancer
36780418,breast cancer
36780418,breast cancer
36780418,breast cancer
36780418,cancer
36780335,breast cancer
36780270,Cancer
36780270,cancer
36780270,mitochondria-targeted piezodynamic cancer
36780270,breast cancer
36780270,tumor
36780270,tumors
36780270,tumor
36780270,toxicity
36780270,cancer
36780270,tumors
36780234,breast cancer
36780234,breast carcinogenesis
36780234,cancerous
36780234,cancer
36780234,breast cancer
36780234,breast cancer
36780234,breast cancer
36780234,breast cancer
36780232,breast cancer
36780232,Breast cancer
36780232,breast cancer
36780232,Breast cancer
36780232,breast cancer
36780232,breast cancer
36780214,Cancer
36780214,Developmental Disabilities
36780214,developmental disabilities
36780214,IDD
36780214,cancer
36780214,IDD
36780214,IDDs
36780214,cancer
36780214,IDD
36780214,IDD
36780214,IDD
36780214,IDD
36780214,cancer
36780065,breast tumours
36780065,cardiotoxicities
36780065,HD
36780065,HD
36779982,Cancer
36779982,cancer
36779982,invasive malignancy
36779982,cancer
36779982,breast cancer
36779982,leukemia/lymphoma
36779982,tumors
36779982,cancer
36779961,neck cancer
36779961,tumoral
36779961,toxicity
36779863,cancer
36779863,cancer
36779863,cancer
36779863,cancer
36779863,cancer
36779863,lung cancer
36779863,colorectal cancer
36779863,melanoma
36779863,hypertension
36779863,pulmonary diseases
36779863,diabetes
36779764,breast cancer
36779764,breast cancer
36779764,cancer
36779764,cancer
36779764,breast cancer
36779764,Breast Cancer
36779764,breast cancer
36779764,breast cancer
36779764,breast cancer
36779764,breast cancer
36779764,breast cancer
36779764,breast cancer
36779542,cancer
36779542,breast cancer
36779378,breast cancer
36779378,cancer
36779378,cancer
36779378,cancer
36779378,toxicity
36779378,cancer
36779378,tumor
36779378,cancer
36779309,breast cancer
36779309,cancer
36779309,cancer
36779309,breast cancer
36779309,colorectal
36779309,cancer
36779309,breast cancer OS
36779309,breast cancer
36779309,breast cancer
36779309,breast cancer OS
36779309,breast cancer
36779309,colorectal cancer
36779309,breast cancer
36779309,breast cancer
36779309,breast cancer
36779253,breast cancer
36779253,Breast cancer
36779121,Breast cancer
36779121,malignancy
36779121,breast cancer
36779121,breast reduction or mastopexy
36779121,bilateral breast reduction or mastopexy
36779121,tumour
36779121,Invasive tumours
36779121,carcinoma
36779118,Malignant Gastrointestinal Stromal Tumor
36779118,Primary Breast Cancer
36779118,Gastrointestinal stromal tumors
36779118,mesenchymal tumors
36779118,epithelial tumors
36779118,tumors
36779118,mesenchymal tumors
36779118,gastrointestinal stromal tumor
36779118,primary cancers
36779118,breast cancer
36779118,axillary lymphadenopathy
36779118,metastases
36779118,primary breast cancer
36779118,axillary metastases
36779038,breast cancer
36779038,breast cancer
36779038,breast cancer
36779038,mortality
36779038,breast cancer
36779038,DM
36779038,DM
36779038,DM
36778984,Spinal Tumors
36778984,spinal tumors
36778984,spinal tumors
36778984,cancers
36778984,breast cancers
36778984,tumor
36778984,breast cancers
36778984,prostate cancers
36778984,tumor
36778924,breast cancer
36778924,breast cancer
36778924,breast cancer
36778924,breast cancer
36778924,breast cancer
36778795,breast cancer
36778795,postoperative pain
36778795,nausea
36778795,vomiting
36778795,nausea vomiting
36778795,breast cancer
36778795,breast cancer
36778795,Nausea
36778795,vomiting
36778756,breast cancer
36778756,Covid-19
36778756,Covid-19
36778735,cognitive decline in breast cancer
36778735,breast cancer
36778735,cognition impairment
36778735,breast cancer
36778735,breast cancer
36778735,cognition impairment
36778735,cognition impairment
36778735,cognition impairment of the breast cancer
36778735,cognition impairment
36778653,Pseudoangiomatous Stromal Hyperplasia
36778653,Pseudoangiomatous stromal hyperplasia
36778653,oval hypoechoic mass
36778653,fibroadenoma
36778653,tumor
36778653,angiosarcoma
36778652,cancer
36778652,invasive ductal cancers
36778652,carcinoma
36778652,cancer
36778385,breast cancer
36778385,Breast cancer
36778385,cancer
36778385,cancer
36778385,breast cancer
36778385,breast cancer
36778385,joint pain
36778385,joint pain
36778385,Cancer
36778385,cancer
36778377,breast cancer
36778377,cancer
36778377,breast cancer
36778377,cancer
36778343,breast cancer
36778343,tumor
36778343,breast cancer
36778343,breast cancer
36778343,breast tumors
36778343,tumor-macrophage
36778343,tumor
36778343,tumors
36778343,breast cancer
36778343,tumor
36778271,breast cancer
36778271,tumors
36778271,breast cancers
36778271,breast cancers
36778271,tumor
36778271,breast cancers
36778271,breast cancer
36778271,breast cancers
36778271,hypoxia
36778271,inflammation
36778271,tumor
36778271,hypoxia
36778271,inflammation
36778271,tumor
36778271,breast cancers
36778271,cancers
36778271,cancer
36778256,tumors
36778256,Breast cancer metastases
36778256,breast tumor
36778256,breast tumors
36778256,tumors
36778247,stress
36778247,dependencies of cancer
36778247,cancer
36778247,breast cancer
36778247,tumor
36778247,cancer
36778247,cancer
36778229,pruritic
36778229,inflammatory skin disease
36778229,PN skin
36778229,PN lesional skin
36778229,PN skin
36778229,PN lesional FBs
36778229,cancer
36778229,squamous cell carcinoma
36778229,malignancies
36778229,colorectal cancers
36778229,renal sclerosis
36778229,idiopathic pulmonary fibrosis
36778229,atopic dermatitis
36778229,AD
36778229,psoriasis
36778229,atopic dermatitis
36778229,psoriasis
36778229,malignancies
36778115,Breast Cancer
36778115,breast cancers
36778115,tumor
36778109,Breast Cancer
36778023,toxicity
36777516,breast cancer
36777516,tumor
36777516,cancer
36777516,breast cancer
36777514,breast cancer
36777514,tumor
36777514,tumor
36777514,tumor
36777514,tumor
36777514,tumor
36777514,tumors
36777514,breast cancer
36777514,epithelial tumor
36777514,cancer
36777514,immunodeficient
36777514,tumor
36777514,breast cancer
36777514,tumors
36777514,cancer
36777514,cancer
36777513,cancers
36777513,malignancies
36777513,cancers
36777513,arrest
36777513,breast cancer
36777513,tumor
36777513,malignancies
36777506,breast lymphoma
36777506,Primary breast lymphoma
36777506,B-cell lymphoma
36777506,extranodal lymphoma
36777502,tumor
36777502,tumor
36777502,cancer
36777502,death
36777502,cancer
36777502,tumor
36777502,cancer
36777502,tumor cell death
36777502,OVCAR-3 ovarian cancer
36777502,death
36777502,tumor
36777502,death
36777502,malignancies
36777384,breast cancer
36777384,breast cancer
36777384,toxicity
36777384,II breast cancer
36777384,tumour
36777384,dermatitis
36777384,contracture
36777384,toxicity
36777322,breast cancer
36777322,cancer death
36777322,mortality
36777322,breast cancer
36777322,cancer
36777282,cancer
36777282,cancers
36777282,cancer
36777282,cancer
36777282,cancer
36777282,cancers
36777282,cancer
36777282,death
36777282,cancers
36777230,cancer
36777230,fatigue
36777230,cancer
36777230,fatigue
36777230,cancer
36777230,cancer
36777230,cancer
36777230,fatigue
36777230,cancer
36777230,cancer
36777230,fatigue
36777230,cancer
36777230,fatigue
36777230,cancer
36777230,fatigue
36777230,breast and lung cancer
36777230,cancer
36777230,fatigue
36777230,cancer
36777188,breast cancer
36777188,cancer
36777188,cancer
36777188,negative-breast cancer
36777188,TNBC
36777188,tumors
36777188,tumors
36777188,tumor
36776843,sphingolipid metabolism
36776843,lung adenocarcinoma
36776843,Lung adenocarcinoma
36776843,tumors
36776843,tumor
36776843,sphingolipid metabolism
36776716,Hereditary Diffuse Gastric Cancer
36776716,gastric cancer
36776716,lobular type breast cancer
36776716,epithelial neoplasms
36776716,colorectal cancer
36776716,hereditary gastric cancer
36776716,colorectal polyp
36776716,adenoma
36776716,sessile serrated lesion
36776716,colorectal polyp
36776716,polyps
36776716,colorectal polyps
36776716,colorectal polyps
36776716,colorectal cancer
36776716,colorectal polyps
36776716,colorectal cancer
36776542,Breast Cancer
36776542,invasive breast cancer
36776542,tumor
36776542,breast tumor
36776542,tumor
36776541,Breast Cancer
36776368,breast cancer
36776368,breast cancer
36776368,aggressiveness of TNBC
36776368,toxicity
36776368,cancer
36776368,glucose metabolism
36776368,tumors
36776368,tumor
36776368,malignant tumor
36776359,cancer
36776359,Cancer
36776359,cancer
36776359,cancer
36776359,Cancer
36776359,cancer
36776359,cancer
36776359,cancer
36776359,cancers
36776359,cancers
36776359,Breast cancer
36776359,cancer
36776359,cancer
36776335,cancer
36776335,cancer
36776335,cancer
36776335,cancer
36776335,cancer
36776335,cancer
36776335,cancer
36776335,Cancer
36776335,breast cancer
36776335,cancer
36776335,cardiorespiratory fitness
36776335,cancer
36776335,breast cancer
36776335,cancer
36776335,deficits
36776335,cancers
36776335,cancer
36776315,cancer
36776315,breast cancers
36776315,breast cancers
36776315,breast cancers
36776315,breast cancers
36776315,cancers
36776315,cancers
36776315,tumor
36776315,breast cancers
36776315,breast cancers
36776297,epithelial ovarian cancer
36776297,epithelial ovarian cancer
36776297,death
36776297,cancer
36776297,late-stage disease
36776297,cancer
36776291,Cancer
36776291,cancer influence breast and colorectal cancer
36776291,cancers
36776291,Cancer
36776291,colorectal cancer
36776291,cancer
36776291,breast cancer
36776291,cancer
36776291,colorectal
36776291,Cancer
36775971,breast cancer
36775971,breast cancer
36775971,breast cancer
36775971,breast cancer
36775971,breast cancer
36775971,cancer
36775863,Breast Cancer
36775863,breast and ovarian cancer
36775838,pancreatic cancer
36775838,pancreatic cancer
36775838,hepatotoxicity
36775838,pancreatic cancer
36775838,colon cancer
36775838,cancer
36761830,cancer
36761830,cancer
36761830,cervical cancers
36761830,cancer
36761830,oral squamous cell carcinoma
36761830,cancer
36761830,oral cancers
36761830,oral squamous cell carcinoma
36775765,Breast Cancer
36775657,breast cancer
36775657,tumor
36775657,breast and ovarian cancer
36775657,breast cancer
36775656,cancer
36775656,deaths
36775656,cancers
36775648,breast cancer
36775648,breast cancer
36775648,breast cancer
36775648,breast cancer
36775648,breast cancer
36775648,breast cancer
36775648,breast cancer
36775648,weight loss
36775648,cancer
36775648,fatigue
36775648,breast cancer
36775449,carcinoma
36775449,cancer
36775449,breast tumor
36775449,breast cancer
36775449,cancer
36775449,carcinoma
36775449,tumor
36775449,tumor
36775449,colonic
36775449,tumor
36775354,neck squamous cell carcinoma
36775354,bladder cancer
36775354,death
36775354,death
36775354,cancer
36775354,PD-1/PD-L1 blockade
36775354,tumors
36775354,neck squamous and bladder cancers
36775354,tumor
36775354,cancer
36775354,bladder cancers
36775354,cancer
36775354,non-small cell lung cancer
36775354,NSCLC
36775354,cancer
36775354,neck squamous cell carcinoma
36775354,cancer
36775354,tumor
36775350,breast cancer
36775350,low breast cancer
36775350,breast cancer
36775350,breast cancer
36775350,breast cancer
36775264,breast cancer
36775264,breast cancer
36775264,breast cancer
36775264,breast cancer
36775264,breast cancer
36775264,breast cancer
36775264,breast cancer
36775264,breast cancer
36775264,breast cancer
36775264,breast cancer
36775260,breast cancer
36775260,breast cancer
36775260,cancer
36775260,breast cancer
36775260,breast cancer
36775260,TNBC
36775221,breast cancer
36775221,EPS
36775221,Cytotoxicity
36775221,hemolysis
36775221,cancerous cell death
36775221,tumor
36775206,breast cancer
36775206,breast cancer
36775206,breast cancer
36775206,obesity
36775066,breast cancer
36775066,breast cancer
36775066,cancer
36775066,cancer
36775066,metastasis of breast cancer
36775066,breast cancers
36774875,cancer
36774875,cancer
36774875,HDF
36774875,cancer
36774758,cancers
36774758,cancers
36774758,lymphoblastic leukemia
36774758,cancer
36774758,pancreatic cancer
36774758,gastric cancer
36774758,breast and lung cancers
36774758,tumor
36774758,cancer
36774758,cancers
36774756,breast cancer
36774756,breast cancer
36774756,eBC
36774756,eBC
36774756,tumors
36774756,tumor
36774756,tumor
36774698,breast carcinoma
36774698,cancer
36774698,cancer
36774698,cancer
36774698,cancer
36774694,cancer
36774694,invasive breast cancer
36774694,cancer
36774694,invasive breast cancer
36774644,cancer
36774644,breast cancer
36774644,Anxiety
36774644,depression
36774644,breast cancer
36774644,cancer
36774644,anxiety
36774644,Breast cancer
36774644,breast cancer
36774644,breast cancer
36774644,breast cancer
36774555,Tumors
36774555,cancer
36774555,malignancies
36774555,tumors
36774555,tumors
36774555,pancreatic cancer
36774555,tumor
36774555,tumors
36774447,cancer
36774447,anxiety
36774447,cancer
36774447,cancer
36774447,anxiety
36774447,cancer
36774408,gastric cancer
36774408,gastric cancer
36774408,cancer
36774408,tumor
36774408,tumor
36774408,tumor
36774408,gastric cancer
36774386,breast cancer
36774386,aneuploidy
36774386,breast cancer
36774386,cancer
36774386,breast adenocarcinoma
36774386,breast cancer
36774386,breast cancer
36774357,breast cancer
36774357,breast tumor
36774357,malignant breast tumors
36774339,breast cancer malignancy
36774339,Breast cancer
36774339,malignant tumor
36774339,cancer
36774339,breast cancer
36774194,breast cancer
36774194,cancer
36773967,breast cancer
36773967,breast lesions
36773967,breast lesion segmentation
36773967,breast cancer
36773967,cancer
36773860,cancer
36773860,cancer
36773860,tumor
36773860,cytotoxicity
36773860,tumor
36773860,cancer
36773860,toxicity
36773804,Metabolites of Prostate Cancer
36773804,prostate cancer
36773804,prostate cancer
36773804,breast cancer
36773796,breast cancer
36773796,neurodegenerative diseases
36773796,lysosomal storage disorders
36773796,breast cancer
36773796,tumor
36773796,breast tumor
36773796,tumor
36773567,tumor
36773567,cancer
36773567,cancer
36773567,cancer
36773567,bladder urothelial carcinoma
36773567,breast invasive carcinoma
36773567,lung squamous cell carcinoma
36773567,colon adenocarcinoma
36773567,prostate adenocarcinoma
36773567,glioma
36773567,skin cutaneous melanoma
36773567,pancreatic adenocarcinoma
36773567,rectum adenocarcinoma
36773567,stomach adenocarcinoma
36773567,liver hepatocellular carcinoma
36773567,LIHC
36773567,cancers
36773567,cancers
36773567,tumor
36773531,breast cancers
36773531,breast cancers
36773531,invasive ductal carcinomas
36773531,cancers
36773531,luminal type cancers
36773531,cancers
36773531,cancers
36773531,cancers
36773531,breast cancers
36773531,high APT SIs
36773531,breast cancers
36773530,cancer
36773471,ovarian cancer
36773471,breast cancer
36773404,breast cancer
36773404,Li-Fraumeni syndrome
36773404,Breast cancer
36773404,cancer
36773404,Li Fraumeni syndrome
36773404,LFS
36773404,LFS
36773404,LFS
36773404,hereditary cancer
36773404,malignancies
36773404,LFS
36773404,breast cancer
36773403,breast cancer
36773403,breast cancer
36773403,MBC
36773403,cancer
36773403,MBC
36773403,tumor
36773403,MBC
36773184,breast cancer
36773184,breast cancer
36773184,breast cancer
36773184,cancer
36773184,breast cancer
36773184,breast cancer
36773184,cancer
36773184,cancer mortality
36773123,Breast Cancer
36773123,Cancer
36773123,attachment anxiety
36773123,breast cancer
36773021,breast cancer
36773021,cognitive impairment
36773021,breast cancer
36773021,tumor
36773021,breast cancer
36773021,cognitive decline
36773021,breast cancer
36772982,cancer
36772982,cancer
36772982,Catalonia
36772982,cataract
36772982,breast cancer
36772966,Triple-Negative Breast Cancer
36772966,breast cancer
36772966,brain metastases
36772966,brain metastases
36772966,ERbeta+TNBC
36772947,Breast Cancer
36772945,cancer
36772945,tumor
36772945,Cancer
36772945,cancer
36772945,cancer
36772945,cancer tumor
36772945,tumor
36772945,CAFs across cancers
36772945,tumor
36772932,cancer
36772932,breast and endometrial cancer
36772932,cancer
36772932,breast and endometrial cancer
36772881,QT prolongation
36772881,QTcSPL
36772881,breast cancer
36772881,QTcSPL
36772881,QTcF
36772881,QT prolongation
36772881,QTcSPL to address HR
36772832,breast cancer
36772832,cancer
36772832,breast cancer
36772804,cancer
36772804,cancer
36772804,colon
36772804,melanoma
36772804,glioblastoma
36772795,cancer
36772795,Cancer
36772795,tumor
36772795,metastases
36772795,carcinomas
36772795,carcinoma
36772795,carcinoma
36772592,Breast Cancer
36772592,Breast Cancer
36772592,cancer
36772592,tumor
36772592,TCIA Breast Cancer
36772536,Breast Cancer
36772536,Breast cancer
36772536,cancer
36772536,cancer
36772536,cancer
36772536,cancer
36772536,metastasized ALNs
36772473,tumors
36772091,Breast Cancer Hyperthermia
36772091,hyperthermia
36772091,breast cancer
36772091,breast cancer
36772091,tumor
36772091,tumors
36772091,breast cancer
36772091,tumors
36772091,malignant tumor
36771614,Breast Cancer
36771614,breast cancer
36771614,death
36771614,death
36771614,breast cancer
36771391,Cancer
36771391,hepatocellular carcinoma
36771391,colon cancer
36771391,breast adenocarcinoma
36771385,Cancer
36771385,adenocarcinoma-dominant cancers
36771385,leukemia
36771385,cancer
36771385,leukemia
36771385,lung cancer
36771385,pancreatic cancer
36771385,cancers
36771385,breast and prostate cancer
36771385,pancreatic cancer
36771385,bowel cancer
36771385,cancer
36771385,gastrointestinal adenocarcinomas
36771385,cancer
36771239,Breast Cancer
36771239,Breast cancer
36771239,malignancy
36771239,obesity
36771239,toxicity
36771239,cytotoxicity
36771239,fatigue
36771239,nausea
36771239,headaches
36771239,tumor
36771239,toxicity
36771230,Breast Cancer
36771230,Breast cancer
36771230,tumor
36771230,cancer
36771230,cancer
36771161,Breast Cancer
36771161,Breast cancer
36771161,mortality
36771161,mortality
36771161,cytotoxicity
36771161,cancer
36771161,breast cancer
36771161,breast cancer
36771161,breast cancer
36771126,Novel Prostate Cancer
36771126,Toxicity
36771126,cardiovascular disorders
36771126,hypercholesterolemic
36771126,breast and prostate cancers
36771126,toxicity
36771126,cancer
36771126,toxicity
36771126,CCD
36771126,death
36771126,toxicity
36771126,toxicity
36771126,toxicity
36771106,Cancer
36771106,Cancer
36771106,Cancer
36771106,toxicity
36771106,cancer
36771106,cancer
36771106,cancer
36771106,breast cancer
36771106,breast cancer
36771106,cytotoxicity
36771106,carcinoma
36771106,hepatic tumour
36771058,Breast Cancer
36771058,breast cancer
36771058,tumor
36771032,Cytotoxicity
36771032,obesity
36771032,cytotoxicity
36771032,SE
36771032,obesity
36771032,cytotoxicity
36771032,obesity
36771032,obesity-related diseases
36771032,SE
36771032,hepatoma
36771032,leukemia cancers
36770957,cancer
36770957,breast cancer
36770951,cancer
36770951,ES-2 ovarian and A-549 lung adenocarcinomas
36770951,hypoxia
36770951,cancer
36770951,cancer
36770881,breast cancer
36770864,Casearia coriacea Vent
36770864,Casearia coriacea Vent
36770864,Leishmania mexicana mexicana and Trypanosoma brucei brucei
36770864,malaria parasite
36770864,breast cancer
36770864,pulmonary adenocarcinoma
36770864,pancreatic carcinoma
36770864,pancreatic carcinoma
36770864,toxicity
36770864,cytotoxicity
36770864,toxicity
36770830,Cancer
36770830,hyperthermophile Archaeoglobus fulgidus ferritin
36770830,cancer
36770830,cancer
36770830,cytotoxicity
36770830,cancer
36770830,breast adenocarcinoma
36770785,Cancer
36770785,Cancer
36770785,breast cancer
36770781,Breast Cancer
36770781,Breast cancer
36770781,malignancies
36770781,cancer
36770781,mortality
36770781,stemness of breast cancer
36770781,breast cancer
36770781,breast cancer
36770781,breast cancer
36770781,tumor
36770781,breast cancer
36770781,breast cancer
36770781,breast cancer
36770598,Breast Cancer
36770598,breast cancer
36770598,breast cancer
36770598,cancer
36770598,breast cancer
36770598,cancer
36770598,death
36770598,breast cancer
36770598,breast cancer
36770598,breast cancer
36770598,breast cancer
36770518,Cytotoxicity of Carbon Nanotubes
36770518,Breast Cancer
36770518,Cancer
36770518,death
36770518,cardiovascular diseases
36770518,cancer
36770518,Breast cancer
36770518,invasive cancer
36770518,breast cancer
36770518,breast cancer
36770518,cytotoxicity
36770518,cytotoxicity
36770518,MCF-7 breast cancer
36770518,breast cancer
36770357,breast cancer
36770357,various diseases
36770357,cancer
36769814,Paralysis
36769814,Metastatic Epidural Spinal Cord Compression
36769814,tumor
36769814,paralysis
36769814,fracture
36769814,fractures
36769814,paralysis
36769814,spinal metastases
36769814,primary cancers
36769814,cancer
36769814,fractures
36769814,osteolytic metastases
36769814,spinal injury
36769814,fracture
36769814,paralysis
36769814,sensorimotor impairments
36769814,spinal instability neoplastic
36769814,paralysis
36769814,neurologic impairments
36769814,fractures
36769814,paralysis
36769616,Breast Cancer
36769616,breast cancer
36769616,breast cancer
36769616,breast cancer
36769616,cancer
36769602,Breast Cancer
36769602,breast cancer
36769602,toxicity
36769602,tumor
36769602,tumor
36769602,TNBC fits
36769602,tumor
36769509,breast cancer
36769509,rotation compensation
36769287,Breast Cancer
36769287,breast cancer
36769287,metastases
36769287,tumor
36769287,cancer
36769287,tumor
36769287,tumor
36769280,Breast Cancer
36769280,tumor
36769280,tumor
36769280,breast cancer
36769280,luminal breast cancer MCF-7
36769280,breast cancer
36769280,tumor
36769280,breast cancer cell malignancy
36769274,Cancer
36769274,Colorectal and Liver Neoplasms
36769274,cancer
36769274,cancer
36769274,tumor
36769274,cancer
36769274,cancer
36769274,cancer
36769274,colorectal and liver cancers
36769274,cancer
36769274,cancer
36769251,Metastasis in Breast Cancer
36769251,breast cancer
36769251,tumor
36769251,tumor
36769251,tumor
36769251,breast cancer
36769251,liver metastasis
36769251,breast cancer
36769251,lung metastases
36769251,tumor
36769251,liver metastasis
36769251,tumor
36769251,liver metastases
36769251,metastases
36769215,Breast Cancer
36769215,breast cancer
36769215,breast cancer
36769215,tumor
36769215,breast cancer
36769210,AIDS
36769210,infection
36769210,cancer
36769210,breast to leukemia
36769210,pancreatic cancer
36769210,death
36769210,arrest
36769210,cancer
36769210,tumors
36769210,cancer
36769210,cancer
36769184,Breast Cancer
36769184,ductal breast cancer
36769184,breast cancer
36769184,invasive ductal carcinoma
36769184,mastopathy
36769184,breast cancer
36769184,breast cancer
36769184,cancer
36769184,mastopathy
36769184,cancer
36769184,cancer
36769184,cancer
36769184,cancer
36769184,cancer
36769184,stroma of breast cancer
36769184,tumor
36769184,cancer
36769177,cancer
36769177,carcinogenesis
36769177,cancers
36769177,cancer diseases
36769177,carcinogenesis of human breast cancer
36769125,Aggressiveness of Breast Cancer
36769125,breast cancer
36769125,cancer
36769125,cancer
36769125,cancer
36769125,aggressiveness of CSLC
36769029,Cancer
36769029,mortality
36769029,metabolic diseases
36769029,Parkinson's disease
36769029,type 2 diabetes
36769029,cancer
36769029,cancers
36769029,cancers
36769029,breast and colon cancer
36769029,cancer
36769029,inflammatory diseases
36768939,tumor
36768939,neoplasm
36768939,malignancy of tumors
36768939,cancer
36768939,malignancy
36768939,tumors
36768939,cancer
36768939,malignancy
36768939,malignancy
36768939,tumor
36768939,malignant CMTs
36768923,malignancies
36768923,tumor
36768923,tumor
36768923,actual tumor
36768923,tumor
36768923,cancer
36768923,glioblastoma multiforme
36768923,metastases
36768923,tumors
36768923,tumor
36768923,tumors
36768923,tumors
36768923,breast or lung cancer
36768866,Breast Cancer
36768866,Breast cancer
36768866,malignancy
36768848,Breast Cancer
36768848,Breast cancer
36768848,tumour
36768848,tumours
36768848,breast cancer
36768848,breast cancer
36768848,tumours
36768848,breast cancer
36768848,cancer
36768848,stress
36768838,Luminal versus Basal Breast Cancer
36768838,cancer
36768838,cancer
36768838,breast cancer
36768838,breast cancer
36768838,breast cancer
36768838,arrest
36768838,tumor
36768838,basal breast cancers
36768830,tumor
36768830,breast cancer
36768830,tumor
36768830,tumor
36768830,tumor
36768830,breast cancer
36768830,cancer
36768830,breast cancer
36768830,cancer
36768830,tumor
36768815,Hypoxia
36768815,Cancer
36768815,Hypoxia
36768815,tumors
36768815,increase tumor aggressiveness
36768815,tumor
36768815,hypoxia
36768815,Primary breast cancer
36768815,cancer
36768815,hypoxia
36768815,tumor
36768815,cancer
36768815,tumor
36768694,Cancer
36768694,Cancer
36768694,cancer
36768694,cancers
36768694,lung cancer
36768694,apoptosis of ovarian
36768694,cancer
36768694,colorectal and ovarian cancer
36768694,AML
36768694,cholangiocarcinoma
36768694,colorectal cancer
36768694,clear cell renal cell carcinoma
36768694,hepatocellular carcinoma
36768694,pancreatic ductal adenocarcinoma
36768694,prostate cancer
36768694,ovarian cancer
36768694,brain tumour cancer
36768694,hepatocellular carcinoma
36768694,cancer
36768647,infection
36768647,rupture
36768647,infection
36768623,Cancer
36768623,tumor
36768623,cancer
36768623,cancers
36768623,cancers
36768623,cancer
36768623,endometrial cancer
36768623,ovarian cancer
36768623,breast cancer
36768623,vaginal small cell carcinoma
36768623,cancer
36768623,cancer
36768623,endometrial cancer
36768623,endometrial cancer
36768568,toxicity
36768568,low toxicity
36768568,cytotoxicity
36768568,breast carcinoma
36768568,human ovarian carcinoma
36768568,lung carcinoma
36768568,toxicity
36768478,Breast Cancer
36768478,breast cancer
36768478,breast cancer
36768478,malignancies
36768478,tumors
36768478,solid tumors
36768478,malignancies
36768478,breast carcinoma
36768478,breast carcinoma
36768478,Cancer
36768478,breast carcinoma
36768478,tumor
36768478,breast cancer
36768478,tumors
36768470,Breast Cancer
36768470,Breast cancer
36768470,tumor
36768470,malignancies
36768470,cancer
36768470,breast cancer
36768470,breast cancer
36768470,breast cancer
36768435,Breast Cancer
36768435,cancer
36768435,tumors
36768435,tumor
36768435,tumor
36768435,Breast cancer
36768435,cancer
36768435,breast cancer
36768435,aggressiveness
36768435,cancer
36768435,tumor
36768435,inflammation
36768435,TNBC tumors
36768427,Sphingolipid Metabolism in Breast Cancer
36768427,Breast cancer
36768427,cancer
36768427,death
36768427,breast cancer
36768427,sphingolipid metabolism
36768427,breast cancer
36768427,sphingolipid metabolites
36768427,breast cancer
36768427,breast cancer
36768427,sphingolipid metabolism
36768427,breast cancer
36768363,Cytotoxicity
36768363,Stress
36768363,Breast Cancer
36768363,Breast cancer
36768363,cancers
36768363,cytotoxicity
36768363,cancer
36768363,breast cancer
36768363,breast cancer
36768363,cytotoxicity
36768363,breast cancer
36768363,cytotoxicity
36768363,DeltaPsim
36768363,breast cancer
36768363,breast cancer
36768298,Breast and Prostate Cancer
36768298,cancer
36768298,cancer
36768298,Breast cancer
36768298,cancer
36768298,Prostate cancer
36768298,cancers
36768191,Breast Cancer
36768191,breast cancer
36768191,cancer
36768191,Breast carcinomas
36768191,tumors
36768191,tumor
36768191,tumor
36768191,tumor
36768191,tumor
36768147,Breast Cancer
36768147,cancer
36768147,breast cancer
36768147,breast cancer
36768147,breast tumors
36768147,breast cancer
36768147,breast cancer
36768147,breast cancer
36768147,breast cancer
36768046,COVID-19
36768046,COVID-19
36767928,Cancer
36767928,cancer
36767928,cancer
36767928,cancer
36767928,cancer
36767928,cancer
36767461,Breast Cancer
36767461,breast cancer
36767461,analgesia nociception
36767461,postoperative pain
36767461,pain
36767461,breast cancer
36767318,COVID-19
36767318,deaths
36767318,death
36767318,COVID-19
36767318,COVID-19
36767318,diabetes
36767318,cardiovascular diseases
36767318,neurodegenerative diseases
36767318,breast cancer
36767318,COVID-19
36767117,COVID-19
36767117,COVID-19
36767117,COVID-19
36767117,COVID-19
36767117,COVID-19
36767117,breast cancer
36767117,COVID-19
36767117,COVID-19
36767117,COVID-19
36767078,Breast Cancer
36767078,COVID-19
36767078,cancer
36767078,breast cancer
36767078,COVID-19
36767078,COVID-19
36767078,cancer
36767073,Cancer
36767073,Cancer
36767073,cancer
36767073,anxiety
36767073,dry mouth
36767073,Lung cancer
36767073,cancer
36767073,breast cancer
36767073,cancer
36767073,cancer
36767056,Cancer
36767056,breast and ovarian cancer
36767056,Anxiety
36767056,Depression
36767056,anxiety
36767056,depression
36767056,traumatic stress
36767006,cancer
36767006,cancer
36766992,Breast Cancer Tumor
36766992,tumor
36766992,breast cancers
36766992,breast cancer
36766992,tumor
36766992,progressive disease
36766992,PD
36766992,tumor
36766992,tumor
36766992,PD
36766992,tumor
36766992,tumor
36766992,tumor
36766923,Cancer
36766923,cancer
36766923,breast cancer
36766923,cancer
36766923,cancer
36766923,cancer
36766907,Breast Cancer
36766907,breast cancer
36766907,breast cancer
36766907,breast cancer
36766907,breast cancer
36766907,breast cancer
36766907,breast cancer
36766896,Breast Cancer
36766896,diabetes
36766896,obesity
36766896,polycystic ovary syndrome
36766896,PCOS
36766896,breast cancer
36766896,breast cancer
36766896,breast cancer
36766896,diabetics
36766896,breast cancer
36766896,type 2 diabetes
36766896,breast cancer
36766896,breast cancer
36766896,type 2 diabetes
36766896,breast cancer
36766896,type 2 diabetes
36766896,breast cancer
36766893,Cancer
36766893,cancer
36766893,papillomavirus (HPV) infection
36766893,Cancer
36766858,COVID-19
36766858,cancer
36766858,cancer
36766858,cancer
36766858,cancer
36766858,cancer
36766858,cancer
36766793,Cancer
36766793,cancer
36766793,tumor
36766793,breast cancer
36766786,Cancer
36766786,Breast Cancer
36766786,breast cancer
36766786,aggressive breast cancer
36766786,cancer
36766786,tumor
36766786,tumor
36766786,prostate cancer
36766786,tumor
36766786,tumors
36766786,tumor
36766734,Cytotoxicity
36766734,leukemia
36766734,epidermoid carcinoma
36766734,necrotic cell death
36766731,tumor
36766731,Breast cancer
36766731,breast cancer
36766731,tumor
36766731,cancer
36766731,cancer
36766731,tumor
36766731,breast tumors
36766731,cancer
36766710,Breast Cancer
36766710,breast cancer
36766710,cancer
36766681,skin cancer
36766681,breast cancer
36766645,Breast Lesions
36766645,malignancy
36766645,breast lesions
36766645,cancer
36766645,benign breast lesions
36766645,breast tumors
36766641,Breast Cancer
36766641,cancer
36766641,Breast cancer
36766641,enthusiasm
36766641,breast cancer
36766641,tedious breast cancer
36766641,breast cancer
36766617,Breast Cancer
36766617,breast cancer
36766575,Aggressive Breast Cancer
36766575,Breast cancer
36766575,tumor
36766575,breast cancer
36766575,tumor aggressiveness
36766575,breast cancer
36766575,breast cancer
36766575,breast tumor
36766575,breast cancer
36766575,breast cancer
36766575,tumor
36766575,breast cancer
36766575,breast cancer
36766541,Classifying Breast Cancer Metastasis
36766541,Tumor
36766541,Tumor
36766541,breast cancer
36766541,breast cancer
36766541,tumors
36766541,breast cancer
36766541,metastases
36766517,CAD
36766517,Breast Cancer
36766517,Brightness Error
36766486,Breast Cancer
36766486,breast cancer
36766486,breast cancer
36766486,breast cancer
36766486,TNBC
36766486,breast carcinomas
36766486,breast cancer
36766486,tumor
36766486,TNBC
36766486,TNBC lesions
36766484,Pelvic Lesions
36766484,pelvic lesions
36766484,pelvic lesions
36766484,carcinomas
36766484,ovarian tumours
36766484,carcinomatosis
36766484,carcinomas
36766484,breast carcinoma metastasis
36766484,endometrial cancer
36766484,cancers
36766484,ovarian/peritoneal carcinoma
36766484,metastasis of lymphoma
36766484,endometrial carcinoma
36766484,breast cancer
36766484,malignant lesions
36766484,peritoneal carcinomatosis or ovarian carcinoma
36766472,Breast Cancer
36766472,breast cancer
36766472,breast cancer
36766472,breast lesions
36766472,bone lesions
36766472,breast tumor
36766472,breast tumor lesions
36766472,breast lesions
36766453,Breast Cancer
36766453,breast cancer
36766453,CAD
36766453,malignant breast lesions
36766453,Learning algorithms
36766453,breast lesions
36766450,Breast Cancer
36766450,breast cancer
36766450,breast cancer
36766450,malignant lesions
36766450,cancer
36766450,breast cancer
36766292,Cancer
36766292,cancer
36766292,cancers
36766292,cancer
36766292,tumor
36766292,cancer
36765925,Cancer
36765925,Tumor necrosis
36765925,infection
36765925,cancer
36765925,cancer
36765925,cancer
36765925,cancer
36765925,cancer
36765925,breast and lung cancer
36765925,cancer
36765925,cancer
36765925,cancer
36765923,Pancreatobiliary Cancers
36765923,malignancies
36765923,cancer
36765923,tumors
36765923,pancreaticobiliary cancers
36765923,cancers
36765923,breast cancer
36765923,pancreatobiliary cancers
36765923,cholangiocarcinoma
36765923,pancreatic ductal adenocarcinoma
36765921,malignancy
36765921,malignancy of breast lesions
36765912,Cancers
36765912,cancer
36765912,tumor
36765912,cancer
36765912,tumor
36765912,cancer
36765912,tumor
36765912,tumor
36765912,breast cancer
36765902,Prostate Cancer
36765902,prostate cancer
36765900,Breast Cancer
36765900,Cancer
36765888,Death
36765888,Breast Cancer
36765888,breast cancer
36765888,breast cancer
36765887,Breast Cancer
36765887,breast cancer
36765876,Infection
36765876,Breast Cancer
36765876,infections
36765876,infections
36765876,breast cancer
36765876,breast cancer
36765876,breast cancer
36765870,Tumour Growth Models of Breast Cancer
36765870,breast cancers
36765870,tumour
36765870,breast cancer
36765870,invasive cancers
36765870,breast cancer
36765870,breast cancer
36765866,Breast Cancer
36765866,breast cancer
36765866,cancer
36765860,Breast Cancer
36765860,breast cancer
36765853,Breast Cancer
36765853,breast cancer
36765853,tumors
36765853,HR+ breast cancer
36765853,tumor necrosis
36765853,breast cancer
36765853,HR+ breast cancer
36765851,Cancer
36765851,aggressive breast cancers
36765851,cancer
36765843,Breast Tumor
36765843,tumor
36765843,tumor
36765843,breast cancer
36765843,cytotoxicity
36765843,tumor
36765839,Histopathological Breast Cancer
36765839,breast cancer
36765839,breast cancer
36765839,breast cancer
36765839,breast cancer
36765831,Breast Cancer
36765831,breast cancer
36765831,breast cancer
36765831,cognitive symptoms
36765831,breast cancer
36765831,breast cancer
36765831,breast cancer
36765796,Breast Cancer
36765796,breast cancer
36765796,breast cancer
36765786,breast cancer
36765782,Breast Cancer
36765782,Breast cancer
36765782,cancer
36765782,cancer
36765782,mortality
36765782,breast cancer
36765782,breast cancer
36765782,enthusiasm
36765782,breast cancer
36765778,Breast Cancer
36765778,breast cancer
36765778,aggressive breast cancer
36765778,tumor
36765778,breast cancer
36765778,tumor
36765778,breast cancer
36765778,breast cancer
36765778,cancer
36765776,Primary High-Grade Advanced Ovarian Cancer
36765776,epithelial ovarian cancer
36765776,deficiency
36765776,tumor HRD
36765776,insufficient tumor
36765776,tumor
36765776,tumor
36765765,Breast Carcinoma
36765765,breast cancer
36765765,solid tumors
36765765,breast cancer
36765765,breast cancer
36765765,breast cancer
36765765,breast cancer
36765765,breast cancer
36765765,breast cancer
36765765,breast cancer
36765765,breast cancer
36765765,breast cancer
36765765,breast cancer
36765724,Breast Cancer
36765724,tumor
36765724,breast cancer
36765724,cancer
36765724,breast cancer
36765724,breast cancer
36765720,HER2-Positive Breast Cancer
36765720,cancer
36765720,breast cancer
36765720,breast cancer
36765720,tumor
36765720,tumor
36765717,infection
36765717,cancer
36765717,pancreatic and breast cancer
36765717,cancer
36765717,cancer
36765715,Cancers
36765715,TICs
36765715,cancer
36765715,cancer
36765715,tumor
36765715,tumor
36765715,TICs
36765715,ovarian cancers
36765715,cancer
36765715,cancer
36765715,TICs
36765715,TICs
36765709,Breast Cancer
36765709,CANcer TOxicities
36765709,cancer
36765709,toxicities
36765699,Hyperthermia
36765699,Non-Breast Cancer
36765699,hyperthermia
36765699,cancer
36765699,breast cancer
36765699,hyperthermia
36765699,non-breast cancer
36765699,tumor
36765699,toxicity
36765699,tumor
36765699,breast cancer
36765699,hyperthermia
36765699,hyperthermia
36765690,Breast Cancer
36765690,breast cancer
36765690,Cancer
36765690,breast cancer
36765683,Cancer
36765683,Breast Cancer
36765683,Cancer
36765683,cancer
36765683,tumor
36765683,breast cancer
36765683,tumor
36765667,IV Epithelial Ovarian Cancer
36765667,IV epithelial ovarian cancer
36765667,IVA
36765667,pleural effusion
36765667,metastases
36765667,IVA
36765667,IVA
36765667,IVA
36765667,pleural involvement
36765667,pleural involvement
36765667,IVA
36765666,ovarian and breast cancer
36765666,breast cancer
36765666,cancer
36765654,Cancer
36765654,breast cancer
36765651,Metastatic Breast Cancer
36765651,Cancer
36765651,death
36765651,breast cancer
36765651,bone disease
36765650,Breast Cancer
36765650,breast cancer
36765650,breast cancer
36765650,breast disorders
36765650,breast cancer
36765650,breast cancer
36765650,breast cancer
36765650,breast cancer
36765650,breast disorders
36765650,Breast Cancer
36765650,breast cancer
36765650,breast cancer
36765650,breast cancer
36765650,breast cancer
36765650,breast cancer
36765650,breast disorders
36765650,breast cancer
36765650,breast cancer
36765648,Breast Cancer
36765648,breast cancer
36765648,breast cancer
36765648,Neutropenia
36765648,toxicity
36765648,neutropenia
36765648,neutropenia
36765648,toxicity
36765648,myelotoxic
36765642,Breast Cancer
36765642,Breast cancer
36765642,invasive cancers
36765642,Breast cancer
36765642,death
36765642,cancer
36765642,breast cancer
36765642,breast cancer disease
36765642,breast cancer
36765642,cancer
36765642,breast cancer
36765642,SVD
36765634,Cancer
36765634,Breast cancer
36765634,malignancy
36765634,tumor
36765634,tumor
36765634,cancer
36765634,cancer
36765631,Lymphedema in Breast Cancer
36765631,Breast cancer-related lymphedema
36765631,breast cancer
36765631,inflammatory disorder
36765604,Breast Cancer
36765604,toxicity
36765604,cancer
36765604,inflammation
36765604,cancer
36765604,carcinogenesis
36765604,cancer
36765604,breast cancer
36765604,tumors
36765604,breast carcinogenesis
36765604,breast cancer
36765602,Chronic Lymphocytic Leukemia
36765602,cancer
36765602,tumors
36765602,T cell lymphomas
36765602,head and neck cancers
36765602,lymphocytic leukemia
36765602,breast cancer
36765602,cancer
36765598,Cancer
36765598,Dementia
36765598,cancer
36765598,dementia increases
36765598,cancer
36765598,cancer
36765598,dementia
36765598,cancer
36765598,dementia
36765598,cancer
36765598,cognitive impairment
36765598,lung cancer
36765598,breast cancer
36765598,head and neck cancer
36765598,gastric cancer
36765598,prostate cancer
36765598,colorectal cancer
36765598,brain tumor
36765598,cancer
36765598,dementia
36765592,Breast Cancer Lymph Node Metastasis
36765592,breast cancer
36765592,cancer
36765592,tumor
36765571,breast cancer
36765571,radiation dermatitis
36765571,toxicities
36765571,toxicity
36765561,Breast Cancer
36765561,Breast cancer
36765561,mortality
36765561,breast cancer
36765561,cancer
36765561,breast cancer
36765559,Breast Cancer
36765559,death
36765559,breast cancer
36765559,TNBC
36765559,tumor
36765559,TNBC
36765559,death
36765559,tumor
36765559,TNBC
36765550,Breast Cancer
36765538,Sarcoma
36765538,sarcomas
36765538,tumors
36765538,breast and gastrointestinal cancers
36765538,sarcoma
36765538,renal disease
36765538,tumor
36765538,tumor
36765538,tumor
36765538,tumor
36765538,tumor
36765538,breast cancer
36765538,sarcomas
36765538,bone sarcomas
36765538,sarcoma
36765538,sarcoma
36765538,sarcoma
36765535,Breast Cancer
36765535,tumor
36765535,tumor initiation
36765535,cancers
36765535,breast cancer
36765535,breast cancer
36765535,tumor
36765535,tumor
36765535,tumor
36765535,tumor
36765535,cancer
36765535,tumor
36765535,tumor
36765535,breast cancer
36765535,tumor
36765535,breast cancer
36765535,tumor
36765535,breast cancer
36765535,tumor
36765535,cancer
36765535,tumor
36765535,cancer
36765535,cancer
36765535,cancer
36765529,Breast Cancer
36765529,tumor
36765529,osteotropic
36765529,tumor
36765529,bone metastases
36765529,breast cancer
36765529,tumor
36765527,Disseminated Tumor
36765527,Breast Cancer
36765527,breast cancer
36765527,tumor
36765527,tumor
36765523,breast cancer
36765523,Cancer
36765523,breast cancer
36765522,Breast Cancer
36765522,Breast cancer
36765522,malignant tumor
36765522,cancer
36765522,deaths
36765522,tumor
36765432,cancer
36765432,cancers
36765432,cancer
36765432,hereditary cancers
36765432,cancer
36765432,"endometrial, ovarian, colorectal"
36765432,pancreatic cancer
36765432,Cancer
36765432,FHHT
36765430,HR+ breast cancer
36765430,tumor
36765430,arrest
36765430,tumor
36765430,tumors
36765430,carcinogenesis
36765430,breast cancer
36765430,tumors
36765430,tumor
36765430,adenocarcinoma
36765430,breast carcinoma
36765430,carcinoma TS
36765430,beta-galactosidase
36765430,carcinogenesis
36765430,breast cancer
36765430,HR+ breast cancer
36765409,breast cancer
36765409,skin malignancy
36765409,breast cancer
36765409,cancer
36765409,Breast cancer
36765409,cancer
36765409,deaths
36765409,cancer
36765409,breast cancer
36765409,tumors
36765409,metastases
36765409,malignancies
36765409,malignancy
36765409,angiomiRs
36765409,tumor
36765409,breast cancer
36765408,breast cancer
36765408,cancer
36765408,breast cancer
36765408,cancer
36765408,breast cancer
36765408,breast cancer
36765408,ovary
36765408,melanoma
36765408,leukaemia
36765408,bladder
36765408,Breast cancer
36765408,breast cancer
36765408,breast cancer
36765408,breast cancer
36765408,breast cancer
36765397,tumour
36765397,HR+HER2-breast cancer
36765397,breast cancer
36765397,tumour
36765397,cancer
36765397,tumour
36765397,tumour
36765355,breast cancer
36765355,breast cancer
36765355,tumor
36765293,breast cancer
36765275,endocrine resistant breast cancer
36765275,endocrine resistant breast cancer
36765265,toxicity
36765265,swelling
36765265,breast cancer
36765265,tumor
36765265,cytotoxicity
36765265,breast cancer
36765262,breast cancer
36765262,cancer
36765262,cancers
36765262,cancer
36765262,breast cancer
36765262,cancer
36765262,breast cancer
36765262,cancer
36765262,breast cancer
36765262,breast cancer
36765174,breast cancer
36765174,tumour
36765174,tumour
36765174,breast cancer
36765174,breast cancer
36765174,breast cancer
36765174,breast cancer
36765154,adverse cardiovascular and cerebrovascular events
36765154,cancer
36765154,adverse cardiovascular and cerebrovascular
36765154,mortality
36765154,cancer
36765154,cancer
36765154,mortality
36765154,acute myocardial infarction
36765154,ischemic stroke
36765154,death
36765154,stroke
36765154,cancer
36765154,colorectal cancers
36764934,Breast Cancer
36764880,breast cancer
36764880,cancer
36764880,IV disease
36764879,Ductal Carcinoma in Situ
36764879,ductal carcinoma
36764879,invasive breast cancers
36764879,breast cancer
36764877,Invasive Breast Cancer
36764877,invasive breast cancer
36764877,breast cancer
36764877,cancer
36764877,tumour
36764873,Breast Cancer
36764873,Breast cancer
36764873,mortality
36764873,cancers
36764873,BC tumors
36764873,tumor
36764772,cancer
36764772,cancer
36764772,cancer
36764734,dystrophic calcification
36764493,liver cancer
36764493,Hepatocellular carcinoma
36764493,cancer
36764493,death
36764493,deaths
36764493,liver cancer
36764493,liver CSCs
36764493,liver CSCs
36764493,liver CSCs
36764493,liver CSCs
36764493,liver CSCs
36764493,hepatoma
36764493,tumor
36764493,liver CSCs
36764447,Metastases
36764447,cancer
36764447,cancer
36764447,cancer
36764447,hypopituitarism
36764447,visual field deficits
36764447,visual field deficits
36764447,hypopituitarism
36764447,hypopituitarism
36764414,cancer
36764414,cancer
36764414,tumor
36764414,tumor
36764414,breast cancer
36764414,breast cancer
36764414,cancer
36764414,breast cancer
36764231,cancers
36764231,cancer
36764231,death
36764231,cell growth arrest
36764231,SAR
36764134,tumor
36764134,tumor
36764134,breast cancer
36764134,breast cancer
36764134,tumor
36764134,tumor
36764134,toxicity
36764134,tumor
36764134,tumor
36764127,breast cancer
36764127,breast cancer
36764127,cancer
36764127,breast cancer
36764127,cancer
36764122,breast cancer
36764122,Breast cancer
36764122,cancer
36764122,breast cancer
36764122,toxicities
36764122,low toxicity
36764122,breast cancer
36764122,breast cancer
36764093,cancer
36764093,tumors
36764093,tumor
36764093,tumor
36764093,cancer
36764019,lymphedema
36764019,upper extremity dysfunction
36764019,breast cancer
36764019,breast cancer-related lymphedema
36764019,upper extremity dysfunction
36764019,breast cancer
36764019,toxicity
36764019,breast cancer
36764019,breast cancer
36763623,breast cancer
36763623,Breast malignancy
36763623,carcinoma
36763623,breast cancer
36763623,breast cancer
36763585,cancer
36763585,Breast cancer
36763585,cancer deaths
36763585,breast cancer
36763585,cancer
36763585,tumor
36763585,breast cancer
36763585,cancers
36763585,breast cancer
36763585,breast cancer
36763585,cancer
36763585,cancer
36763552,vestibular schwannomas
36763552,vestibular schwannomas
36763359,Breast Cancer
36763359,breast cancer
36763359,breast cancer
36763359,breast cancer
36763359,breast cancer
36763359,dyspareunia
36763359,breast cancer
36763359,dyspareunia
36763315,breast cancer
36763315,breast lesions
36763315,AD
36763315,breast lesions
36763205,breast cancer
36763193,cancer
36763193,cancer
36763193,tumor
36763193,tumor
36763188,myelosuppression
36763188,breast cancer
36763188,myelosuppression
36763188,breast cancer
36763188,GS
36763188,myelosuppression
36763142,breast carcinoma
36763142,Breast carcinomas
36763142,cancers
36763142,breast carcinoma
36763142,tumor
36763142,breast cancer
36763051,Hypoxia
36763051,artery occlusion
36763051,hypoxic
36763051,retinal vein occlusion
36763051,retinal artery occlusion
36763051,diabetic retinopathy
36763051,stroke-type condition
36763051,blindness
36763051,retinal ischemia
36763051,hypoxic
36763051,retinal artery occlusion
36763051,rabbit eyes
36763051,ischemic
36763051,hypoxia
36763051,ischemic
36763035,Breast Cancer
36763035,breast cancers
36763035,breast cancers
36763035,breast cancers
36763035,breast cancers
36763035,breast cancer
36763035,fitness
36763035,breast cancers
36763035,breast cancers
36762843,Lobular Breast Cancer
36762832,Toxicity
36762832,Breast Cancer
36762832,Chemotoxicity
36762832,toxicity
36762832,breast cancer
36762832,toxicity
36762832,breast cancer
36762832,chemotoxicity
36762832,Cancer
36762832,Group-Breast Cancer
36762832,breast cancer
36762811,Breast Cancer
36762811,Meningioma
36762811,tumor
36762811,host tumor
36762811,neoplasm
36762811,breast cancer
36762811,meningioma
36762811,tumor
36762811,peritumoral brain edema
36762811,meningioma
36762811,metastasis of invasive ductal carcinoma
36762811,meningioma
36762811,breast cancer
36762811,meningioma
36762811,intra-meningioma metastasis
36762803,Brain Metastases
36762803,Brain metastases
36762803,lung cancer
36762803,breast cancer
36762803,melanoma
36762803,mortality
36762803,cancer
36762803,tumor
36762803,infertile central nervous
36762803,tumor
36762803,primary cancers
36762803,cancer
36762803,cancer
36762803,cancer
36762803,tumor
36762784,Tumor
36762784,breast cancer
36762784,breast cancer
36762784,breast cancer
36762784,tumors
36762784,breast cancer
36762784,breast cancer
36762784,breast cancer
36762784,tumors
36762784,breast cancer
36762783,Inflammatory Breast Cancer
36762783,Inflammatory breast cancer
36762783,breast cancer
36762783,metastases
36762783,metastases
36762783,aggressive breast cancer
36762782,Breast Cancer-Related Lymphedema
36762782,Breast cancer-related lymphedema
36762782,breast cancer
36762782,inflammation
36762782,lymphedema
36762782,lymphedema
36762782,HRQoL
36762782,lymphedema
36762782,HRQoL
36762781,Breast Cancer
36762781,breast cancer
36762781,breast cancer
36762781,metastases
36762781,tumor
36762781,PDX tumors
36762781,tumor
36762781,cancer
36762686,breast cancer
36762686,MCF-7 breast cancer
36762686,breast cancer
36762663,breast cancer
36762663,breast cancer
36762663,seroma
36762663,lymphedema
36762663,lymphedema
36762663,lymphedema
36762663,breast cancer
36762663,seroma
36762663,seroma
36762663,breast cancer
36762576,breast cancer
36762576,tumor
36762576,hypoxia
36762576,breast cancer
36762576,breast cancer
36762576,arrest
36762555,breast cancer
36762554,Breast Cancer
36762554,breast cancer
36762554,sarcoma
36762500,arrest
36762500,breast cancer
36762500,breast cancer
36762500,arrest
36762500,breast cancer
36762500,arrest
36762416,hepatotoxicity
36762416,hepatoxicity
36762416,breast cancer
36762416,hepatotoxicity
36762416,toxicity
36762416,neutropenia
36762395,breast cancer
36762395,breast cancer
36762395,breast cancer
36762368,Endometriosis Pathology and Pain
36762368,Endometriosis
36762368,pain
36762368,infertility
36762368,endometriosis
36762368,endometriosis lesions
36762368,endometriosis
36762368,pain
36762368,endometriosis
36762368,endometriosis
36762368,lower ovarian
36762368,premature ovarian insufficiency
36762368,endometriosis
36762368,pelvic pain
36762368,pain
36762368,pain
36762368,endometriosis
36762368,pain
36762368,whereby endometriosis
36762329,inflammatory breast cancer
36762329,inflammatory breast cancer
36762329,HRplus
36762329,HRplus
36762329,HERplus
36762329,HRplus
36762329,HERplus
36762329,HRplus
36762329,HRplus
36762329,HRplus
36762329,HERplus
36761973,breast cancer
36761973,breast cancer
36761973,mortality
36761973,2019 Global Burden of Disease
36761973,APC
36761973,APC
36761973,deaths
36761973,deaths
36761973,deaths
36761973,deaths
36761973,deaths
36761973,deaths
36761969,rural cancer
36761969,rural cancer
36761969,cancer
36761969,rural cancer
36761969,cancer
36761969,cancer
36761969,cancer
36761969,cancer
36761969,rural cancer
36761968,breast cancer
36761968,breast cancer
36761968,cancers
36761968,liver metastasis
36761968,brain metastasis
36761968,cancer
36761956,breast cancer
36761956,breast cancer
36761956,breast cancer
36761956,Cancer
36761956,breast cancer
36761956,breast cancer
36761956,cancer
36761956,breast cancer
36761956,breast cancer
36761956,breast cancer
36761942,breast cancer
36761942,tumor
36761942,breast cancer
36761942,tumor
36761942,tumor
36761762,cancers
36761762,cancer
36761762,lung cancer
36761762,ovarian cancer
36761762,breast cancer
36761762,cancers
36761762,cancers
36761757,solid tumors
36761757,hematological malignancies
36761757,tumors
36761757,tumor
36761757,hostile tumor
36761757,CARs
36761757,tumors
36761757,tumor
36761757,tumor toxicities
36761757,CARs
36761757,tumors
36761753,thyroid cancer
36761753,hallmark of tumors
36761753,cancer
36761753,tumor
36761753,tumor
36761753,tumor
36761753,thyroid cancer
36761753,tumor
36761696,Breast Cancer
36761696,tumor
36761696,tumor
36761696,tumor
36761696,tumor
36761482,malignant breast lesions
36761482,Breast cancer
36761482,malignancies
36761482,breast lesions
36761482,malignant breast lesions
36761482,breast lesions
36761482,Breast lesions
36761482,breast lesions
36761482,breast lesions
36761482,malignant breast lesions
36761429,endometrial clear cell carcinoma
36761429,malignancies
36761429,breast cancers
36761429,Endometrial cancer
36761429,malignancy
36761429,endometrial serous carcinoma
36761429,clear cell carcinoma
36761429,endometrial clear cell carcinoma
36761429,breast cancer
36761429,breast lesions
36761429,breast cancer
36761429,benign breast lesions
36761429,breast lesions
36761429,metastases
36761429,malignancies
36761429,endometrial clear cell carcinoma
36761428,tumor
36761428,breast cancer
36761428,cancer
36761428,solid tumors
36761428,breast cancer
36761428,tumor
36761428,breast cancer
36761415,breast cancer
36761415,breast cancer
36761415,breast cancer
36761415,Cancer
36761387,breast cancer
36761387,breast cancer
36761387,MBC
36761387,MBC
36761387,MBC
36761387,MBC
36761385,cancer
36761385,cancer
36761385,cancer
36761385,breast cancer
36761373,solid-papillary carcinoma
36761373,Papillary breast carcinomas
36761373,breast cancers
36761373,Solid-papillary carcinoma
36761373,papillary breast carcinomas
36761373,invasive solid-papillary carcinoma
36761373,multifocal ductal carcinoma
36761298,breast cancer
36761256,breast cancer
36761256,breast cancer
36761036,sarcoma
36761036,sarcoma
36760835,Breast Cancer
36760835,tumour
36760835,breast cancer
36760835,breast cancer
36760835,mortality
36760835,breast cancer
36760835,breast cancer
36760835,Disease-like breast cancer
36760835,breast cancer
36760835,breast cancer
36760835,breast cancer
36760569,mortality
36760569,cancer
36760569,mortality
36760569,cancer
36760569,cardiovascular (CV) death
36760569,traumatic psychological stress
36760569,cancer
36760569,cardiotoxicity
36760569,CV death
36760569,death
36760569,cancer death
36760569,deaths
36760569,death
36760569,cancer
36760569,mortality
36760569,mortality
36760569,cancer mortality
36760569,cancer
36760569,death
36760569,cancer
36760569,cancer
36760569,colorectal cancer
36760569,breast cancer
36760569,death
36760569,cancer
36760569,cancer
36760569,cancer
36760569,death
36760569,outweighs cancer death
36760569,cancer
36760569,CV deaths
36760569,cancer
36760387,tumor
36760387,neck squamous cell carcinoma
36760387,gastric cancer
36760387,breast cancer
36760387,pancreatic cancer
36760387,neck squamous cell carcinoma
36760387,cancer
36760387,tumor
36760387,tumor
36760387,tumor
36760385,breast cancer
36760385,tumor
36760385,breast cancer
36760385,tumor
36760385,cancer
36760385,cancer
36760385,tumors
36760385,breast cancer
36760385,breast cancer
36760385,breast cancer
36760385,tumor
36760385,breast tumors
36760385,breast cancer
36760370,breast cancer
36760370,breast cancer
36760370,tumor
36760370,breast cancer
36760370,breast cancer
36760370,breast cancer
36760370,tumor
36760370,tumor
36760370,breast cancer
36760370,breast cancer
36760370,tumor
36760370,breast cancer
36760343,cancer
36760343,glioma in Colombia
36760343,breast cancer
36760343,hypofractionation of prostate
36760343,breast cancer
36760296,tumor
36760296,tumor
36760296,cancer
36760296,tumor
36760296,MCF-7 breast cancer
36760296,ovarian cancer
36760296,cancer
36760255,breast cancer
36760254,breast cancer
36760254,breast cancer
36760254,chemoresistant tumors
36760254,tumor
36760254,Cancer
36760254,breast cancer
36760254,TNBC
36760254,breast cancer
36760254,breast cancer
36760254,breast cancer
36760158,breast cancer
36760158,breast cancer
36760158,hematological toxicity
36760158,fatigue
36760158,breast cancer
36760158,vitiligo
36760158,breast cancer
36760158,lung metastases
36760158,vitiligo
36760158,upper back
36760158,vitiligo
36760158,death
36760031,breast cancer
36760031,breast cancer
36760031,MBC
36760031,MBC
36760031,MBC
36760031,mortality
36760031,MBC
36760012,multidisciplinary breast cancer
36760012,multidisciplinary breast cancer
36760012,breast cancer
36760012,breast cancer
36760012,breast cancer
36760012,breast cancer
36760007,Breast Cancer
36759991,Breast Cancer
36759991,breast cancer
36759991,breast tumor
36759991,breast cancer
36759991,rupture
36759991,breast cancer
36759991,metastases
36759991,breast cancer
36759991,breast cancers
36759982,breast cancer
36759982,breast cancer
36759982,alpelisib
36759846,breast cancer
36759846,breast cancer
36759846,breast cancer
36759846,breast cancer
36759846,breast cancer
36759846,breast cancer
36759846,breast cancer
36759846,Cancer
36759846,benign breast diseases
36759846,breast cancer
36759846,breast cancer
36759846,breast cancer
36759846,benign breast diseases
36759846,breast cancer
36759846,breast benign disease
36759846,breast cancer
36759846,breast cancer
36759846,breast cancer
36759845,Breast Cancer
36759845,breast cancer
36759845,Breast Cancer
36759845,breast cancer
36759845,breast cancer
36759845,breast cancer
36759828,breast cancer
36759828,breast cancer
36759828,cancer
36759828,cancer
36759828,cancer
36759828,tumor
36759828,cancer
36759799,cancer
36759799,cancer
36759799,cancer
36759799,cancer
36759799,colon cancer
36759799,cancer
36759799,cancer
36759799,cancers
36759786,breast cancer
36759786,Breast tumors
36759786,cancer
36759786,tumor
36759786,cancer
36759786,carcinomas
36759786,malignancy in breast cancer
36759786,tumor
36759786,tumor
36759786,necrosis
36759786,metastases
36759786,breast cancer
36759786,lung metastases
36759786,breast cancer
36759786,breast cancer
36759733,colorectal tumors
36759733,colorectal cancer
36759733,CRC
36759733,CRC
36759733,tumor
36759733,tumor
36759733,CRC
36759723,breast cancer
36759723,Breast cancer
36759723,cancer
36759723,cancer
36759723,deaths
36759723,tumour initiation
36759723,tumour
36759673,breast cancer
36759673,breast cancer
36759673,cancer
36759673,toxicity
36759673,Common T-VEC toxicities
36759673,fevers
36759673,headache
36759673,fatigue
36759673,pain
36759673,toxicities
36759673,thromboembolic
36759576,breast cancer
36759573,neuroblastoma and breast cancer
36759550,breast cancer
36759501,breast cancer
36759501,breast cancer
36759501,breast cancer
36759501,breast cancer
36759314,breast cancer
36759253,breast cancer
36759253,WA Cancer
36759253,invasive cancer
36759216,breast cancer
36759216,died
36759216,breast cancer
36759216,breast cancers
36759216,breast cancer
36759216,tumours
36759216,breast cancer
36759122,Dyspnea
36759122,atrial fibrillation
36759122,cancer
36759122,dyspnea
36759122,coronary artery disease
36759122,hemoptysis
36759122,malignancy
36759097,Breast Cancer
36759097,breast cancer
36759097,breast cancer
36759039,Adenoid cystic carcinoma
36759039,Breast cancers
36759039,lobular breast carcinomas
36759039,tumours
36759039,breast cancers
36759039,Adenoid cystic carcinoma
36759039,tumour
36759039,breast carcinomas
36759039,tumours
36758843,colorectal cancer
36758843,Colorectal cancer
36758843,CRC
36758843,malignant tumors
36758843,CRC
36758843,cancer
36758843,carcinogenesis
36758843,CRC
36758843,tumor
36758843,CRC
36758833,cytotoxicity of CAR-T
36758833,tumor
36758833,tumors
36758833,cancers
36758833,tumor malignancies
36758833,liver cancers
36758833,tumor
36758833,malignancies
36758833,tumor
36758833,tumors
36758833,tumor
36758833,tumors
36758833,prostate cancer tumor
36758833,cancer deaths
36758833,prostate tumor
36758833,cytotoxicity
36758833,prostate tumor
36758833,cytotoxicity
36758833,tumor spheroid cytotoxicity
36758785,tumor
36758785,breast cancer
36758785,tumor
36758785,tumor
36758785,tumors
36758785,tumor cell death
36758785,breast cancer
36758785,breast cancer
36758785,tumor
36758785,tumor metastasis
36758785,breast cancer
36758785,cancer
36758771,breast cancer
36758771,breast cancer
36758771,hemolysis
36758771,tumor
36758771,breast cancer
36758771,cytotoxicity
36758771,hemolysis
36758771,toxicity
36758771,breast cancer
36758771,toxicity
36758499,deficiency
36758499,breast cancer
36758499,deficiency
36758499,HRD
36758499,HRD positive cancers
36758499,breast cancer
36758499,ovairan cancer HRD
36758499,HRD
36758499,HRD
36758499,HRD
36758499,BRCA-deficient breast cancer
36758499,breast cancer
36758499,HRD
36758499,tumor
36758499,HRD
36758448,breast cancer
36758448,Breast cancer
36758448,breast cancer
36758448,tumor
36758448,breast cancer
36758448,lymphangiosis carcinomatosa
36758448,heart disease
36758448,cancer
36758421,cancer
36758421,cancer
36758421,tumor
36758421,cancer
36758421,tumor
36758421,cancer
36758380,Breast cancer
36758380,malignancy
36758380,breast lesions
36758380,breast lesions
36758380,malignancy
36758380,benign breast lesions
36758326,Learning for Breast Cancer Classification
36758326,breast cancer
36758326,cancer malignancy
36758326,breast cancer
36758322,Cancer
36758322,tumor
36758322,breast cancer
36758322,Cancer
36758322,tumor
36758322,cancer
36758322,tumors
36758322,breast cancer
36758150,Breast Cancer
36758150,cancer
36758150,breast cancer
36758150,breast cancer
36758150,breast cancer
36758150,breast cancer
36758146,Glioblastoma
36758146,Glioblastoma
36758146,brain tumor
36758146,glioma
36758146,cancer
36758146,glioma
36758146,MG glioblastoma
36758146,breast cancer
36758146,colorectal cancer
36758146,gastric cancer
36758146,breast cancer
36758146,glioblastoma
36758146,colon cancer
36758146,gastric cancer
36758146,glioblastoma
36758146,glioblastoma
36758048,sporadic breast cancer
36758048,Breast cancer
36758048,malignancy
36758048,sporadic breast cancer
36758048,breast cancer
36758048,sporadic breast cancer
36758048,obese
36758048,breast carcinogenesis
36758048,obesity
36757991,breast cancer
36757991,breast cancer
36757991,breast cancer
36757991,breast cancer
36757991,TNBC
36757991,invasive breast cancer
36757991,TNBC
36757991,cancer
36757913,Drug-Resistant Triple Negative Breast Cancer
36757913,cancers
36757913,breast cancer
36757913,cancer
36757913,CMC
36757913,HA-SS-CMC
36757913,emulsification
36757913,tumor
36757913,tumor
36757913,drug aggregation
36757913,tumor
36757900,breast and ovarian cancer
36757900,cancer
36757900,cancer
36757900,salpingo-oophorectomy reduces breast and ovarian cancer
36757900,cancer
36757899,inflammatory diseases
36757899,cancer
36757899,breast cancer
36757899,breast tumor
36757899,tumor
36757899,49 citrullinated proteins
36757899,tumor
36757899,tumor
36757899,tumor
36757899,breast cancer
36757813,breast cancer
36757813,epithelial cancers
36757813,inflammatory breast cancer
36757813,tumor
36757813,breast cancer
36757813,breast cancer
36757813,TNBC
36757813,tumors
36757813,tumor
36757813,lung metastases
36757813,breast cancer
36757813,breast cancer
36757707,Leptomeningeal Disease
36757500,tumor
36757500,infectious diseases
36757500,tumor
36757500,breast cancer
36757500,melanoma
36757500,colorectal carcinoma
36757500,tumor boards
36757500,cancer
36757500,autoimmunity
36757500,infection
36757498,sexual dysfunction and sexual distress
36757498,breast cancer
36757498,sexual dysfunction and sexual distress
36757498,breast cancer
36757498,sexual dysfunction
36757498,sexual distress
36757498,sexual dysfunction
36757498,sexual distress
36757498,cancer
36757498,sexual dysfunction and sexual distress
36757498,sexual distress
36757498,Sexual dysfunction and sexual distress
36757498,sexual dysfunction and sexual distress
36757498,sexual distress in BCSs
36757143,Hypoxia
36757143,Hypoxia
36757143,malignant tumors
36757143,aggressiveness
36757143,cancer
36757143,breast cancer
36757143,breast cancer
36757143,cancer
36757143,hypoxia
36757143,hypoxia
36757143,breast cancer
36757143,hypoxia
36757143,Hypoxia
36757143,hypoxia
36757143,hypoxia
36757143,hypoxia
36757143,hypoxia-promoting mesenchymal TNBC
36757139,HR-negative breast cancer
36757139,breast cancer
36757139,invasive breast cancer
36757139,invasive tumors
36757139,tumors
36757139,tumors
36757139,tumors
36757139,tumors
36757139,tumors
36757139,tumors
36757139,tumors
36757139,tumors
36757135,deficiency
36757135,invasive breast cancer
36757135,deficiency
36757135,HRD
36757135,carcinogenesis
36757135,HRD
36757135,invasive breast cancer
36757135,HRD
36757135,BRCA tumor
36757135,tumor
36757135,HRD
36757135,HRD
36757135,HRD
36757135,Cancer
36757135,HRD
36757135,tumor
36757135,HRD
36757135,HRD
36757135,HRD
36757135,HRD
36757135,HRD
36757135,HRD
36757135,HRD
36757135,HRD
36757135,HRD
36757106,NDDs
36757106,cancer
36757106,NDDs
36757106,cancerous
36757106,breast cancer
36757106,NDDs
36757050,Squamous Cell Carcinoma
36757050,esophageal squamous cell carcinoma
36757050,tumor stemness
36757050,tumor
36757015,cancer
36757015,breast cancer
36757015,cancers
36757015,cancers
36757015,cancers
36757015,cancers
36757015,cancer
36757015,breast invasive carcinoma
36756934,osteogenesis
36756934,osteogenesis
36756934,infection
36756934,bone defects
36756934,trauma or tumor
36756934,osteogenesis of infected bone defects
36756934,osteogenic
36756934,osteogenesis
36756934,craniofacial bone defects
36756852,Breast cancer
36756852,mortality
36756852,Breast cancer
36756852,cancer
36756852,mortality
36756852,mortality
36756852,deaths
36756852,Slovenia
36756852,cancer
36756852,mortality
36756852,death
36756852,Malignant neoplasm
36756852,mortality
36756852,deaths
36756852,BC deaths
36756852,Slovenia
36756852,Premature death
36756852,mortality
36756775,breast cancer
36756775,mortality
36756767,breast cancer
36756767,tumor
36756767,metastases
36756767,tumor
36756767,metastases
36756767,metastases
36756721,iridoid glucosides
36756721,cancer
36756721,colon cancer
36756721,cancer
36756721,cancer
36756664,cancer
36756664,cancer
36756664,cancer mortality
36756664,cancer
36756591,tumour
36756591,cancer
36756591,tumors
36756591,tumor
36756591,breast tumors
36756591,toxicity
36756591,tumor
36756447,cytotoxicity
36756447,cancer
36756447,breast cancer
36756447,melanoma
36756447,toxicity
36756447,toxicity
36756447,breast cancer
36756447,toxicity
36756447,toxicity
36756447,cancer
36756447,melanoma
36756380,endometrial carcinoma
36756380,endometrial carcinoma
36756380,endometrial carcinoma
36756380,endometrial carcinoma
36756380,endometrial carcinoma
36756380,endometrial carcinoma across Europe
36756380,endometrial carcinoma
36756380,cancer
36756380,tumour
36756380,endometrial carcinoma
36756380,Johnson
36756380,Johnson
36756160,breast cancer
36756160,breast cancer
36756160,breast cancer
36756160,breast cancer
36756160,breast cancer
36756160,breast cancer
36756142,breast cancer
36756142,breast cancer
36756142,tumors
36756142,tumor
36756142,abemaciclib plus endocrine
36756142,IDFS
36756142,IDFS
36756142,IDFS
36756142,IDFS
36756105,Invasive Breast Cancer
36756105,invasive breast cancer
36756030,breast cancer
36756030,breast cancer
36756030,right breast cancer
36756000,Leptomeningeal Carcinomatosis
36756000,Breast cancer
36756000,cancer
36756000,breast cancer
36756000,pia and arachnoid matter
36756000,leptomeningeal carcinomatosis
36756000,breast cancer
36756000,urinary incontinence
36756000,leptomeningeal carcinomatosis
36755962,breast cancer
36755926,cancer
36755926,cancers
36755926,obesity
36755926,cancer
36755926,metabolic abnormality
36755926,obesity
36755926,obesity-related endocrine cancers
36755926,obesity
36755926,cancers
36755926,prostate cancer
36755926,breast cancer
36755926,pancreatic cancer
36755893,Breast Cancer
36755893,breast cancer
36755893,breast cancer
36755893,breast cancer
36755893,breast cancer
36755866,breast cancer
36755866,breast cancer
36755866,cancer
36755866,cancer
36755866,breast cancer
36755866,breast cancer
36755866,breast cancer
36755866,breast cancer
36755862,tumors
36755862,breast cancer
36755862,tumors
36755862,breast cancer
36755862,breast cancer
36755862,breast cancer
36755862,Breast cancer
36755860,tumour
36755860,breast cancer
36755860,tumour
36755860,tumour
36755860,breast cancer
36755860,tumour
36755860,breast cancer
36755860,tumour
36755860,breast cancer
36755860,breast cancer
36755860,benign breast tumours
36755860,breast cancer
36755860,benign breast tumours
36755860,tumour
36755860,breast cancer tumour
36755860,breast cancer
36755860,breast cancer
36755853,breast cancer
36755853,breast cancer
36755853,cancer
36755810,Breast Cancer
36755810,breast cancer
36755810,tumor
36755810,tumor immune dysfunction
36755689,breast cancer
36755606,cancer
36755606,tumour
36755606,tumour glycolysis and tumour
36755606,cancer
36755606,breast cancer
36755606,TIL deficiency
36755606,tumour
36755606,tumour stroma
36755605,breast cancer
36755605,breast cancer tumor
36755605,tumor
36755503,Peripheral neuropathy
36755503,breast cancer
36755503,Peripheral neuropathy
36755503,breast cancer
36755503,breast cancer
36755503,peripheral neuropathy
36755503,neuropathy
36755503,neuropathy
36755503,motor neuropathy
36755503,neuropathy
36755503,peripheral neuropathy
36755294,breast cancer
36755294,Lynch syndrome
36755294,breast cancer
36755294,oligometastatic disease
36755294,systemic disease
36755294,Lynch syndrome
36755294,metastases
36755288,breast cancer
36755288,cancer
36755288,breast cancer
36755288,breast cancer
36755288,toxicity
36755288,breast cancer
36755288,mitochondrial dysfunction
36755288,toxicity
36755288,tumor
36755288,breast cancer
36755280,breast cancer
36755280,Breast cancer
36755280,cancers
36755280,malignancy
36755280,breast cancer
36755280,GRSs
36755280,GRSs
36755280,breast cancer
36755280,GRSs
36755280,GRSs
36755259,breast cancer
36755259,tumor
36755259,breast cancer
36755259,breast cancer
36755259,breast cancer
36755259,Invasive breast cancer
36755259,Stroma
36755259,tumor
36755259,tumor
36755259,renal cell carcinoma
36755259,breast tumors
36755259,breast cancer
36755123,breast cancer
36755123,cancer
36755123,breast cancer
36755123,tumor
36755123,tumor
36755067,cell death
36755067,cell death
36755067,proteotoxic stress
36755067,Cancer
36755067,tumor
36755067,cancer
36755067,tumor
36755057,cancers
36755057,breast cancer
36755057,arrest
36755057,tumor
36755057,tumor
36755057,breast cancer
36755057,breast cancer
36754982,colon cancer
36754982,cancers
36754982,mesothelioma
36754982,melanoma and renal cell carcinoma
36754982,cancer
36754982,death
36754982,tumor
36754982,tumor
36754982,cancers
36754982,breast cancer
36754982,hematopoietic malignancies
36754982,colon cancer
36754982,colon cancer
36754982,tumor
36754982,colon cancer
36754982,stress
36754982,colon cancer
36754982,colon tumor
36754982,colon cancer
36754982,cancer
36754982,colon cancer
36754981,breast cancer
36754981,cancer
36754981,breast cancer
36754981,breast cancer
36754981,toxicity
36754981,breast cancer
36754946,Cancer
36754946,tumor
36754946,invasive breast cancer
36754946,tumor
36754946,cancer
36754946,cancer
36754946,cancer
36754946,cancer
36754946,cancer
36754946,cancer
36754946,cancer
36754946,cancer
36754936,breast cancer
36754936,Residual disease
36754936,breast cancers
36754936,Residual disease
36754936,invasive cancer
36754936,ductal carcinoma
36754932,breast cancer
36754932,malignancies
36754932,breast cancer
36754246,cancer pain
36754246,breast cancer
36754246,Pain
36754246,cancer
36754246,cancer
36754246,cancer pain
36754246,cancer
36754246,cancer
36754246,hypersensitivity
36754246,breast cancer
36754246,breast cancer
36754246,perineural breast cancer
36754246,hypersensitivity
36754246,breast cancer
36754246,mechanical hypersensitivity
36754246,breast cancer
36754246,cancer pain
36754246,cancer pain
36754215,breast cancer
36754215,Breast cancer
36754215,malignant tumor
36754215,breast cancer
36754215,breast cancer
36754215,tumor
36754215,breast cancer
36754215,TNBC
36754215,cancer
36754215,breast cancer
36754215,breast cancer
36754215,tumor
36754215,breast cancer
36754215,arrest
36754215,breast cancer
36754215,breast cancer
36754153,breast cancer
36754153,breast cancer
36754153,tumor
36754153,cancers
36754085,breast cancer
36754085,breast cancer
36754085,TNBC tumors
36754085,tumor
36754037,Cancer
36754037,cancer
36754037,toxicity
36754037,death
36754037,gastrointestinal carcinomas
36754037,lung cancer
36754037,breast cancer
36754037,cancer
36754037,toxicity
36754037,mortality
36754037,death
36754037,cancer
36754037,mortality
36753992,Cancer
36753992,Cancer
36753992,cancers
36753992,Cancer
36753992,mortality
36753992,cancer
36753992,mortality
36753992,cancers
36753992,cancers
36753992,mortality
36753992,mortality
36753992,Cancers
36753992,cancers
36753992,melanoma of skin and cancers
36753992,cancer
36753992,cancer mortality
36753992,cancer
36753991,primary breast cancer
36753991,breast cancer
36753991,Endocrine symptoms
36753991,endocrine symptoms
36753991,endocrine symptoms
36753987,breast cancer
36753987,breast cancer
36753987,cytotoxicity
36753987,cancer
36753973,toxicity
36753973,toxicity
36753973,toxicity
36753973,arsenic poisoning
36753973,inflammation
36753973,infertility
36753973,arsenic poisoning
36753973,toxicity
36753973,cancer
36753973,cancers
36753973,colon cancer
36753973,breast cancer
36753973,skin cancer
36753973,toxicity
36753971,breast cancer
36753971,breast cancer
36753971,cancer
36753971,breast cancer
36753971,Breast cancer
36753965,tumor
36753965,cytotoxicity
36753965,tumor
36753965,cytotoxicity
36753965,cancer
36753965,cancer
36753965,hepatic malignancies
36753964,breast cancer
36753964,Breast cancer
36753964,malignancy
36753964,cancer
36753964,cytotoxicity
36753964,cancer
36753964,breast cancer
36753964,cancer
36753964,cancer
36753964,cytotoxicity
36753964,breast cancer
36753964,cancer
36753964,breast cancer
36753957,breast cancer
36753957,breast cancer
36753957,MIPD
36753957,MIPD
36753957,MIPD
36753957,MIPD
36753952,breast cancer
36753952,breast cancer
36753952,mortality
36753952,breast cancer
36753952,breast cancer
36753952,breast cancers
36753768,Breast cancer
